block_time,token_id,original_amount
2022-03-28 21:09:00,78000336,55.0
2022-03-25 09:52:00,78000893,249.005
2022-03-25 00:13:00,78000378,53.0
2022-03-24 23:25:00,78000692,320.0
2022-03-24 20:24:00,78000446,99.0
2022-03-24 17:55:00,78000633,60.0
2022-03-22 11:43:00,78000811,69.69
2022-03-21 02:05:00,78000733,85.0
2022-03-17 14:09:00,78000573,49.69
2022-03-14 01:22:00,78000541,72.0
2022-03-07 01:37:00,78000188,66.005
2022-02-27 03:33:00,78000893,70.005
2022-02-23 00:41:00,78000648,111.111
2022-02-06 00:56:00,78000125,71.0
2022-02-05 20:40:00,78000262,74.0
2022-01-28 17:54:00,78000350,76.0
2022-01-28 13:11:00,78000288,199.005
2022-01-24 04:03:00,78000252,68.0
2022-01-22 04:52:00,78000288,75.005
2022-01-21 22:11:00,78000853,75.0
2022-01-16 05:03:00,78000339,71.5
2022-01-11 02:46:00,78000372,77.77
2022-01-10 06:25:00,78000469,69.0
2022-01-09 14:46:00,78000668,69.9
2022-01-09 10:44:00,78000206,75.0
2022-01-06 02:33:00,78000893,250.005
2022-01-03 19:56:00,78000757,10.005
2022-01-03 00:59:00,78000678,63.5
2022-01-02 14:44:00,78000288,209.005
2022-01-01 10:06:00,78000853,150.005
2021-12-31 01:00:00,78000167,76.0
2021-12-30 22:07:00,78000190,16.0025
2021-12-27 01:01:00,78000535,66.0
2021-12-26 23:19:00,78000395,66.0
2021-12-25 05:33:00,78000105,64.5
2021-12-25 03:55:00,78000545,275.0
2021-12-25 02:58:00,78000089,49.0
2021-12-22 23:11:00,78000395,66.0
2021-12-22 22:30:00,78000250,80.0
2021-12-20 20:04:00,78000459,20.0025
2021-12-09 11:18:00,78000468,77.77
2021-12-01 07:39:00,78000581,99.0
2021-11-18 04:26:00,78000986,105.0
2021-11-17 06:51:00,78000891,115.0
2021-11-17 06:19:00,78000799,104.99
2021-11-17 01:15:00,78000699,95.0
2021-11-17 00:09:00,78000231,92.0
2021-11-16 14:34:00,78000327,86.69
2021-11-15 01:06:00,78000485,72.0
2021-11-13 03:11:00,78000831,175.0
2021-11-12 03:46:00,78000624,80.0
2021-11-11 01:35:00,78000516,10.0025
2021-11-10 18:22:00,78000981,103.0
2021-11-07 20:43:00,78000653,114.0
2021-11-02 17:56:00,78000937,144.0
2021-11-02 13:33:00,78000343,125.0
2021-10-26 04:42:00,78000283,150.0
2021-10-25 05:25:00,78000836,185.0
2021-10-24 18:47:00,78000627,145.0
2021-10-23 15:49:00,78000682,149.0
2021-10-19 22:02:00,78000030,199.0
2021-10-15 19:27:00,78000679,200.0
2021-10-14 17:07:00,78000854,180.0
2021-10-13 19:22:00,78000848,190.0
2021-10-13 14:09:00,78000894,150.0
2021-10-08 15:36:00,78000149,135.0
2021-10-07 20:17:00,78000327,158.0
2021-10-07 20:15:00,78000091,150.0
2021-10-05 05:39:00,78000445,183.0
2021-10-05 02:45:00,78000179,180.0
2021-10-03 04:40:00,78000719,180.0
2021-10-01 08:02:00,78000433,155.0
2021-09-30 07:12:00,78000077,950.0
2021-09-26 19:53:00,78000642,200.0
2021-09-25 17:57:00,78000115,159.0
2021-09-24 03:22:00,78000091,150.005
2021-09-22 16:46:00,78000760,141.0
2021-09-16 03:20:00,78000473,166.75
2021-09-15 21:23:00,78000647,291.0
2021-09-15 17:29:00,78000859,230.0
2021-09-15 15:08:00,78000075,235.0
2021-09-08 22:40:00,78000135,437.5
2021-09-08 20:59:00,78000589,169.42
2021-09-03 18:15:00,78000547,460.0
2021-09-03 03:11:00,78000167,199.0
2021-09-02 14:50:00,78000913,250.0
2021-09-01 15:23:00,78000197,223.0
2021-09-01 10:22:00,78000218,230.0
2021-09-01 04:53:00,78000006,458.88
2021-08-31 05:46:00,78000532,289.0
2021-08-30 18:13:00,78000229,500.0
2021-08-30 15:28:00,78000241,555.0
2021-08-30 15:13:00,78000326,326.0
2021-08-30 11:31:00,78000939,293.0
2021-08-29 22:05:00,78000335,250.0
2021-08-29 22:04:00,78000489,240.0
2021-08-29 18:50:00,78000767,230.0
2021-08-29 14:21:00,78000966,210.0
2021-08-29 04:14:00,78000085,199.69
2021-08-28 16:50:00,78000218,200.0
2021-08-28 15:14:00,78000940,300.0
2021-08-28 15:13:00,78000833,200.0
2021-08-28 15:05:00,78000007,212.0
2021-08-27 22:38:00,78000870,500.0
2021-08-27 03:24:00,78000089,179.0
2021-08-27 02:40:00,78000778,177.81369689729084
2021-08-27 00:06:00,78000807,170.0
2021-08-26 20:40:00,78000473,162.5
2021-08-25 22:10:00,78000115,165.0
2021-08-25 14:17:00,78000772,777.0
2021-08-25 13:09:00,78000151,180.0
2021-08-25 04:29:00,78000710,207.77
2021-08-25 03:51:00,78000060,175.0
2021-08-24 21:04:00,78000339,187.0
2021-08-24 08:28:00,78000976,169.0
2021-08-24 02:11:00,78000611,225.0
2021-08-24 00:28:00,78000696,170.0
2021-08-24 00:13:00,78000250,295.0
2021-08-23 19:56:00,78000164,200.0
2021-08-23 18:52:00,78000029,155.0
2021-08-23 18:43:00,78000086,150.0
2021-08-23 18:30:00,78000690,160.0
2021-08-23 18:04:00,78000189,145.0
2021-08-23 17:56:00,78000859,165.0
2021-08-23 17:25:00,78000919,152.0
2021-08-23 17:21:00,78000313,1000.0
2021-08-23 17:13:00,78000719,125.0
2021-08-23 17:10:00,78000189,124.0
2021-08-23 17:04:00,78000608,123.0
2021-08-23 17:03:00,78000296,120.0
2021-08-23 17:00:00,78000872,120.0
2021-08-23 16:58:00,78000032,105.0
2021-08-23 16:53:00,78000976,105.0
2021-08-23 15:53:00,78000778,115.0
2021-08-23 14:24:00,78000727,120.0
2021-08-23 14:02:00,78000921,110.0
2021-08-23 12:09:00,78000089,99.0
2021-08-22 23:19:00,78000679,105.0
2021-08-22 22:59:00,78000529,500.0
2021-08-22 01:32:00,78000351,105.0
2021-08-21 22:51:00,78000289,110.0
2021-08-21 21:50:00,78000878,100.0
2021-08-21 21:35:00,78000682,99.0
2021-08-21 19:52:00,78000252,100.0
2021-08-21 17:28:00,78000788,110.0
2021-08-21 10:54:00,78000762,215.0
2021-08-21 08:34:00,78000799,99.0
2021-08-21 03:08:00,78000548,120.0
2021-08-21 02:45:00,78000518,99.0
2021-08-21 01:56:00,78000256,100.0
2021-08-21 01:34:00,78000002,189.0
2021-08-21 01:19:00,78000311,84.0
2021-08-21 00:27:00,78000875,118.0
2021-08-21 00:21:00,78000894,80.0
2021-08-21 00:09:00,78000547,115.0
2021-08-21 00:05:00,78000287,96.0
2021-08-20 22:59:00,78000216,320.0
2021-08-20 22:15:00,78000701,95.0
2021-08-20 22:15:00,78000490,98.0
2021-08-20 22:08:00,78000473,86.0
2021-08-20 21:47:00,78000638,85.0
2021-08-20 21:38:00,78000226,69.69
2021-08-20 21:34:00,78000085,69.0
2021-08-20 21:14:00,78000074,75.0
2021-08-20 21:12:00,78000581,85.0
2021-08-20 20:57:00,78000089,82.0
2021-08-20 20:40:00,78000939,68.0
2021-08-20 20:28:00,78000169,125.0
2021-08-20 20:21:00,78000943,195.0
2021-08-20 20:07:00,78000524,65.0
2021-08-20 20:03:00,78000241,75.0
2021-08-20 20:00:00,78000203,125.0
2021-08-20 19:59:00,78000031,280.0
2021-08-20 19:58:00,78000097,250.0
2021-08-20 19:56:00,78000861,230.0
2021-08-20 19:55:00,78000083,100.0
2021-08-20 19:07:00,78000914,57.0
2021-08-20 18:40:00,78000805,80.0
2021-08-20 18:33:00,78000829,69.42
2021-08-20 17:08:00,78000721,59.99
2021-08-20 16:45:00,78000903,125.0
2021-08-20 14:57:00,78000853,58.5
2021-08-20 13:39:00,78000299,56.0
2021-08-20 13:22:00,78000125,51.5
2021-08-20 13:02:00,78000339,55.0
2021-08-20 10:59:00,78000579,49.88
2021-08-20 06:39:00,78000117,45.0
2021-08-20 04:28:00,78000940,42.5
2021-08-20 03:47:00,78000757,44.0
2021-08-19 22:54:00,78000601,44.5
2021-08-18 23:44:00,78000262,40.5
2021-08-18 20:35:00,78000722,55.0
2021-08-18 15:38:00,78000540,80.0
2021-08-18 07:06:00,78000202,39.5
2021-08-18 06:24:00,78000723,650.0
2021-08-18 00:44:00,78000760,40.86671654512008
2021-08-17 17:54:00,78000115,57.84
2021-08-17 17:49:00,78000167,44.0
2021-08-17 17:34:00,78000635,87.6942
2021-08-17 15:27:00,78000149,44.0
2021-08-16 07:20:00,78000331,55.5
2021-08-15 22:21:00,78000189,40.0
2021-08-15 12:31:00,78000727,46.0
2021-08-14 21:35:00,78000635,47.0
2021-08-14 20:35:00,78000074,50.0
2021-08-13 23:27:00,78000539,44.0
2021-08-13 12:08:00,78000030,44.0
2021-08-13 06:22:00,78000125,42.0
2021-08-13 03:49:00,78000240,43.9
2021-08-12 23:56:00,78000649,43.75
2021-08-12 19:43:00,78000560,42.88
2021-08-12 19:22:00,78000165,39.0
2021-08-12 19:03:00,78000310,250.0
2021-08-12 18:50:00,78000021,60.0
2021-08-12 18:49:00,78000202,36.8
2021-08-12 18:38:00,78000820,38.0
2021-08-12 18:12:00,78000329,40.0
2021-08-12 17:47:00,78000454,45.0
2021-08-12 17:34:00,78000738,92.0
2021-08-12 16:52:00,78000607,300.0
2021-08-12 03:26:00,78000835,100.0
2021-08-11 18:47:00,78000650,60.0
2021-08-11 18:25:00,78000661,42.069
2021-08-11 15:32:00,78000730,49.0
2021-08-11 08:14:00,78000190,45.0
2021-08-11 08:05:00,78000975,32.0
2021-08-11 06:19:00,78000899,60.0
2021-08-11 04:38:00,78000632,89.0
2021-08-11 03:01:00,78000894,26.5
2021-08-11 02:44:00,78000364,100.0
2021-08-10 21:16:00,78000820,34.99
2021-08-10 20:55:00,78000473,28.99
2021-08-10 07:17:00,78000029,35.0
2021-08-10 05:30:00,78000125,29.0
2021-08-10 03:17:00,78000086,33.3333
2021-08-10 03:14:00,78000239,40.0
2021-08-10 02:20:00,78000978,30.0
2021-08-09 22:14:00,78000918,33.0
2021-08-08 19:32:00,78000955,38.99
2021-08-06 19:58:00,78000025,68.0
2021-08-06 03:45:00,78000195,35.0
2021-08-06 01:59:00,78000816,37.0
2021-08-05 19:31:00,78000837,34.2
2021-08-04 10:20:00,78000846,36.0
2021-08-01 11:37:00,78000800,88.0
2021-08-01 11:37:00,78000490,88.0
2021-08-01 07:38:00,78000021,55.0
2021-08-01 07:19:00,78000740,50.0
2021-08-01 06:58:00,78000975,33.390686661404885
2021-08-01 02:57:00,78000125,34.67
2021-08-01 01:53:00,78000165,30.0
2021-08-01 01:52:00,78000730,36.0
2021-08-01 01:36:00,78000296,29.99
2021-08-01 01:04:00,78000194,29.29
2021-08-01 00:22:00,78000850,30.0
2021-07-31 22:00:00,78000769,30.0
2021-07-31 21:20:00,78000437,30.0
2021-07-31 20:42:00,78000632,55.0
2021-07-31 20:41:00,78000853,33.0
2021-07-31 20:39:00,78000899,30.0
2021-07-31 20:38:00,78000280,95.0
2021-07-31 20:38:00,78000175,35.0
2021-07-31 20:37:00,78000085,24.95
2021-07-31 20:34:00,78000194,24.0
2021-07-31 20:34:00,78000725,135.0
2021-07-31 20:34:00,78000124,25.0
2021-07-31 20:33:00,78000817,99.0
2021-07-31 20:33:00,78000221,99.0
2021-07-31 20:33:00,78000005,69.0
2021-07-31 20:31:00,78000713,56.0
2021-07-31 20:31:00,78000290,65.0
2021-07-31 20:31:00,78000370,55.0
2021-07-31 20:31:00,78000644,49.99
2021-07-31 20:31:00,78000821,45.0
2021-07-31 20:30:00,78000145,40.0
2021-07-31 20:28:00,78000937,35.2
2021-07-31 20:27:00,78000119,55.0
2021-07-31 20:27:00,78000554,28.0
2021-07-31 20:23:00,78000089,25.0
2021-07-31 20:14:00,78000931,45.0
2021-07-31 19:37:00,78000189,23.189
2021-07-31 19:36:00,78000351,24.0
2021-07-31 19:35:00,78000940,23.0
2021-07-31 19:34:00,78000240,23.0
2021-07-31 19:32:00,78000202,23.0
2021-07-31 19:32:00,78000172,19.9
2021-07-31 19:22:00,78000846,20.0
2021-07-31 19:16:00,78000282,20.0
2021-07-31 19:12:00,78000844,22.0
2021-07-31 19:04:00,78000579,19.88
2021-07-31 19:00:00,78000770,25.0
2021-07-31 18:52:00,78000226,21.0
2021-07-31 18:37:00,78000660,26.0
2021-07-31 18:21:00,78000970,21.0
2021-07-31 16:43:00,78000923,18.55
2021-07-31 16:34:00,78000149,21.12
2021-07-31 16:34:00,78000894,19.5
2021-07-31 16:22:00,78000978,18.0
2021-07-31 15:38:00,78000554,17.0
2021-07-31 15:21:00,78000539,26.0
2021-07-31 14:54:00,78000434,75.0
2021-07-31 14:50:00,78000025,29.0
2021-07-31 13:31:00,78000701,29.0
2021-07-31 05:25:00,78000226,16.8
2021-07-31 04:12:00,78000454,26.0
2021-07-31 03:40:00,78000796,29.0
2021-07-31 03:25:00,78000929,30.0
2021-07-31 01:58:00,78000830,30.0
2021-07-31 01:58:00,78000906,45.0
2021-07-31 01:58:00,78000553,125.0
2021-07-31 01:57:00,78000377,21.69
2021-07-28 21:42:00,78000795,18.0
2021-07-28 03:38:00,78000471,12.5
2021-07-27 21:39:00,78000095,24.7
2021-07-27 18:34:00,78000343,25.0
2021-07-27 18:00:00,78000576,88.0
2021-07-27 04:06:00,78000460,100.69
2021-07-27 03:19:00,78000526,78.0
2021-07-26 20:53:00,78000838,42.069
2021-07-26 18:02:00,78000945,16.99
2021-07-26 12:56:00,78000916,48.9999
2021-07-26 06:24:00,78000201,15.5
2021-07-25 16:29:00,78000470,22.99
2021-07-25 12:25:00,78000518,25.0
2021-07-24 03:43:00,78000284,20.0
2021-07-24 00:12:00,78000227,24.0
2021-07-23 14:12:00,78000719,14.698407319552697
2021-07-23 06:06:00,78000601,12.5
2021-07-23 05:19:00,78000604,15.0
2021-07-22 23:31:00,78000296,13.5
2021-07-22 08:45:00,78000554,12.5
2021-07-21 22:20:00,78000978,12.0
2021-07-21 20:58:00,78000601,1.0
2021-07-21 17:40:00,78000916,5.1
2021-07-21 16:56:00,78000916,5.0
2021-07-20 04:03:00,78000875,19.99
2021-07-19 15:27:00,78000284,17.99
2021-07-18 14:28:00,78000177,24.999103970798043
2021-07-17 02:28:00,78000869,18.0
2021-07-16 23:50:00,78000759,25.0
2021-07-16 21:34:00,78000165,16.0
2021-07-16 17:37:00,78000010,15.0
2021-07-16 17:12:00,78000592,51.25
2021-07-16 16:42:00,78000475,50.0
2021-07-16 14:55:00,78000821,20.0
2021-07-16 13:46:00,78000118,14.0
2021-07-16 10:03:00,78000798,18.0
2021-07-16 07:03:00,78000296,12.0
2021-07-16 05:00:00,78000011,15.0
2021-07-16 04:45:00,78000115,12.99
2021-07-16 04:35:00,78000983,25.0
2021-07-16 04:17:00,78000165,13.5
2021-07-16 04:15:00,78000158,20.0
2021-07-16 03:23:00,78000888,12.0
2021-07-16 00:05:00,78000622,10.0
2021-07-15 22:59:00,78000322,11.5
2021-07-15 22:42:00,78000289,10.5
2021-07-15 22:40:00,78000810,11.4
2021-07-15 22:30:00,78000992,15.0
2021-07-15 22:26:00,78000311,8.87
2021-07-15 22:12:00,78000227,12.0
2021-07-15 22:11:00,78000816,10.0
2021-07-15 22:05:00,78000822,10.0
2021-07-15 22:02:00,78000028,12.0
2021-07-15 21:40:00,78000125,7.8
2021-07-15 21:40:00,78000018,8.5
2021-07-15 21:30:00,78000372,8.5
2021-07-15 21:21:00,78000077,50.0
2021-07-15 20:02:00,78000636,49.0
2021-07-15 19:46:00,78000364,20.0
2021-07-15 19:27:00,78000473,7.79
2021-07-15 19:20:00,78000924,9.69
2021-07-15 19:14:00,78000613,7.5
2021-07-15 19:05:00,78000814,6.89
2021-07-15 19:04:00,78000441,7.441
2021-07-15 17:16:00,78000799,7.8
2021-07-15 15:44:00,78000198,11.5
2021-07-15 13:48:00,78000986,8.0
2021-07-15 13:15:00,78000922,6.5
2021-07-14 19:58:00,78000773,7.35
2021-07-14 19:15:00,78000122,6.9
2021-07-14 17:54:00,78000804,8.8
2021-07-14 03:07:00,78000719,7.5
2021-07-14 01:05:00,78000246,6.25
2021-07-13 21:08:00,78000962,7.1
2021-07-13 18:19:00,78000627,7.4
2021-07-13 16:19:00,78000758,4.8321
2021-07-13 15:03:00,78000284,7.5
2021-07-13 00:53:00,78000918,7.05
2021-07-09 22:01:00,78000029,8.0
2021-07-09 13:41:00,78000136,7.77
2021-07-08 22:39:00,78000609,5.5
2021-07-08 15:22:00,78000155,9.5
2021-07-06 15:49:00,78000806,5.75
2021-07-06 07:14:00,78000151,8.98
2021-07-06 06:35:00,78000939,6.7
2021-07-06 05:48:00,78000832,8.0
2021-07-06 05:42:00,78000062,5.95
2021-07-05 01:08:00,78000609,6.0
2021-07-04 09:30:00,78000139,9.0
2021-07-03 15:57:00,78000978,6.5
2021-07-03 05:41:00,78000657,7.0
2021-07-02 16:49:00,78000877,7.49
2021-07-01 22:44:00,78000337,7.0
2021-07-01 04:38:00,78000110,12.5
2021-07-01 02:13:00,78000218,7.0
2021-06-30 19:24:00,78000679,5.5
2021-06-30 18:13:00,78000897,7.9
2021-06-30 09:24:00,78000139,5.876861514228467
2021-06-30 03:13:00,78000447,6.9
2021-06-30 03:01:00,78000769,6.15
2021-06-30 02:46:00,78000862,10.0
2021-06-30 02:46:00,78000251,8.0
2021-06-29 16:58:00,78000799,5.8
2021-06-29 03:00:00,78000477,5.25
2021-06-28 20:03:00,78000490,10.0
2021-06-28 20:00:00,78000800,9.96
2021-06-28 19:55:00,78000279,6.0
2021-06-28 18:56:00,78000836,10.0
2021-06-28 18:52:00,78000801,10.0
2021-06-28 18:50:00,78000855,4.5
2021-06-28 08:02:00,78000960,5.0
2021-06-28 07:52:00,78000170,5.2
2021-06-28 03:51:00,78000987,4.9
2021-06-27 20:19:00,78000992,6.0
2021-06-27 17:39:00,78000832,5.555
2021-06-27 12:44:00,78000222,6.49
2021-06-27 05:32:00,78000704,20.0
2021-06-27 05:30:00,78000786,18.0
2021-06-27 02:41:00,78000668,5.15
2021-06-26 22:47:00,78000241,5.867655142259284
2021-06-26 17:39:00,78000004,5.5
2021-06-25 14:08:00,78000125,6.5
2021-06-25 07:49:00,78000342,6.49
2021-06-24 23:42:00,78000689,11.0
2021-06-24 19:46:00,78000902,6.65
2021-06-24 18:38:00,78000789,6.0
2021-06-24 18:15:00,78000343,10.0
2021-06-24 16:22:00,78000918,6.0
2021-06-24 14:47:00,78000283,6.5
2021-06-24 14:43:00,78000165,5.0
2021-06-24 07:26:00,78000882,5.920746821702914
2021-06-24 04:39:00,78000195,4.5
2021-06-24 04:06:00,78000197,5.0
2021-06-24 02:33:00,78000104,12.99
2021-06-24 02:14:00,78000588,13.0
2021-06-24 00:02:00,78000289,4.75
2021-06-24 00:00:00,78000138,4.0
2021-06-23 23:44:00,78000218,4.749
2021-06-23 23:35:00,78000798,6.0
2021-06-23 18:20:00,78000924,5.0
2021-06-23 17:50:00,78000140,4.5
2021-06-23 16:13:00,78000911,4.75
2021-06-23 06:48:00,78000302,7.9
2021-06-23 03:02:00,78000482,4.98
2021-06-22 22:34:00,78000730,4.9
2021-06-22 21:42:00,78000990,4.45
2021-06-22 15:49:00,78000886,5.0
2021-06-22 14:27:00,78000336,8.0
2021-06-22 13:40:00,78000758,4.0
2021-06-22 13:02:00,78000616,5.4
2021-06-22 08:29:00,78000293,5.5
2021-06-22 04:48:00,78000915,6.0
2021-06-22 04:47:00,78000737,4.8
2021-06-22 01:29:00,78000776,5.5
2021-06-22 00:14:00,78000373,7.0
2021-06-21 21:09:00,78000929,10.95
2021-06-21 20:17:00,78000847,24.0
2021-06-21 18:53:00,78000471,3.75
2021-06-21 18:30:00,78000609,4.69
2021-06-21 18:29:00,78000960,3.99
2021-06-21 13:50:00,78000303,4.0
2021-06-21 13:16:00,78000778,4.4
2021-06-21 08:47:00,78000518,4.8
2021-06-21 05:35:00,78000945,3.45
2021-06-21 05:08:00,78000516,8.9899
2021-06-21 04:12:00,78000968,3.5
2021-06-21 02:45:00,78000091,3.25
2021-06-21 02:03:00,78000305,4.2
2021-06-21 00:26:00,78000590,7.0
2021-06-21 00:14:00,78000921,3.9
2021-06-21 00:01:00,78000712,7.75
2021-06-20 21:49:00,78000885,12.0
2021-06-20 19:43:00,78000130,3.5
2021-06-20 17:57:00,78000344,8.0
2021-06-20 16:54:00,78000841,15.0
2021-06-20 16:26:00,78000882,3.15
2021-06-20 14:45:00,78000840,4.75
2021-06-20 06:47:00,78000689,3.8669
2021-06-19 18:28:00,78000918,3.33
2021-06-19 18:05:00,78000737,3.3418096163033857
2021-06-19 16:54:00,78000891,3.4
2021-06-19 14:42:00,78000985,10.0
2021-06-19 10:01:00,78000975,2.75
2021-06-19 07:34:00,78000710,3.4
2021-06-18 21:49:00,78000990,2.49
2021-06-18 20:43:00,78000657,5.0
2021-06-18 16:58:00,78000471,2.86
2021-06-18 15:46:00,78000588,4.99
2021-06-18 14:24:00,78000032,3.5
2021-06-18 14:18:00,78000640,3.4
2021-06-18 11:44:00,78000372,4.0
2021-06-18 04:09:00,78000828,7.8
2021-06-18 03:59:00,78000216,8.5
2021-06-18 02:58:00,78000525,3.5
2021-06-18 02:09:00,78000490,6.0
2021-06-18 01:40:00,78000248,18.0
2021-06-18 01:10:00,78000583,3.69
2021-06-18 00:55:00,78000640,3.149
2021-06-18 00:48:00,78000253,3.1
2021-06-17 23:14:00,78000601,3.0
2021-06-17 22:52:00,78000327,2.5
2021-06-17 22:35:00,78000890,3.89
2021-06-17 22:11:00,78000185,3.95
2021-06-17 22:05:00,78000660,6.0
2021-06-17 22:00:00,78000454,4.4
2021-06-17 21:45:00,78000754,2.999
2021-06-17 21:42:00,78000660,3.88
2021-06-17 21:08:00,78000666,2.8
2021-06-17 19:41:00,78000252,3.99
2021-06-17 19:12:00,78000586,10.0
2021-06-17 17:20:00,78000351,2.7
2021-06-17 16:11:00,78000942,3.5
2021-06-17 15:29:00,78000016,2.98
2021-06-17 05:38:00,78000680,7.0
2021-06-17 04:23:00,78000094,3.25
2021-06-17 03:54:00,78000766,5.0
2021-06-17 03:19:00,78000958,4.0
2021-06-17 02:11:00,78000294,10.0
2021-06-17 01:51:00,78000367,6.0
2021-06-17 01:17:00,78000661,2.75
2021-06-16 23:00:00,78000091,4.8
2021-06-16 23:00:00,78000253,4.8
2021-06-16 18:16:00,78000326,4.0
2021-06-16 15:02:00,78000814,3.2
2021-06-16 14:49:00,78000017,2.98
2021-06-16 14:48:00,78000366,2.97
2021-06-16 14:48:00,78000827,2.5
2021-06-16 12:31:00,78000332,2.4
2021-06-16 11:24:00,78000364,4.98
2021-06-16 04:42:00,78000105,4.99
2021-06-16 03:47:00,78000086,2.6
2021-06-16 02:40:00,78000628,6.0
2021-06-16 00:47:00,78000231,2.75
2021-06-15 23:56:00,78000609,3.69
2021-06-15 22:35:00,78000478,3.3
2021-06-15 21:24:00,78000771,6.5
2021-06-15 21:24:00,78000173,7.0
2021-06-15 21:15:00,78000217,3.0
2021-06-15 21:14:00,78000361,3.38
2021-06-15 21:12:00,78000960,2.85
2021-06-15 21:09:00,78000457,2.8224164970469485
2021-06-15 21:06:00,78000945,2.5
2021-06-15 21:06:00,78000754,2.3
2021-06-15 21:06:00,78000366,2.3
2021-06-15 20:58:00,78000596,2.45
2021-06-15 20:47:00,78000674,1.99
2021-06-15 20:41:00,78000252,2.4
2021-06-15 20:38:00,78000792,4.999
2021-06-15 20:34:00,78000693,5.0
2021-06-15 20:31:00,78000176,4.5
2021-06-15 20:23:00,78000876,2.5
2021-06-15 20:21:00,78000557,3.0
2021-06-15 20:21:00,78000144,2.75
2021-06-15 20:17:00,78000362,3.4
2021-06-15 20:13:00,78000128,2.25
2021-06-15 20:12:00,78000629,2.275
2021-06-15 20:06:00,78000191,2.49
2021-06-15 20:04:00,78000709,2.888
2021-06-15 20:02:00,78000843,2.2
2021-06-15 19:58:00,78000880,2.4
2021-06-15 19:32:00,78000661,1.99
2021-06-15 19:11:00,78000535,2.3
2021-06-15 19:01:00,78000536,5.95
2021-06-15 18:26:00,78000841,7.0
2021-06-15 18:05:00,78000199,1.98
2021-06-15 17:58:00,78000657,2.5
2021-06-15 17:45:00,78000624,1.8
2021-06-15 17:44:00,78000734,1.93
2021-06-15 17:35:00,78000157,3.608069637831432
2021-06-15 17:23:00,78000653,2.05
2021-06-15 17:15:00,78000957,1.888
2021-06-15 17:14:00,78000112,2.45
2021-06-15 17:06:00,78000150,2.0
2021-06-15 17:04:00,78000310,4.45
2021-06-15 17:03:00,78000316,3.1
2021-06-15 16:59:00,78000098,3.5
2021-06-15 16:59:00,78000155,2.5
2021-06-15 16:56:00,78000587,2.1
2021-06-15 16:55:00,78000200,3.66
2021-06-15 16:55:00,78000205,6.0
2021-06-15 16:48:00,78000289,1.5
2021-06-15 16:44:00,78000350,2.0
2021-06-15 16:42:00,78000989,1.49
2021-06-15 16:40:00,78000124,1.49
2021-06-15 16:35:00,78000573,1.59
2021-06-15 16:35:00,78000988,1.55
2021-06-15 16:34:00,78000973,1.4
2021-06-15 16:29:00,78000996,1.35
2021-06-15 16:26:00,78000629,1.3814755047039566
2021-06-15 16:24:00,78000699,1.0
2021-06-15 16:24:00,78000735,1.25
2021-06-15 16:22:00,78000883,1.088
2021-06-15 16:16:00,78000128,1.0
2021-06-15 16:11:00,78000358,0.92
2021-06-15 16:07:00,78000183,0.9
2021-06-15 15:57:00,78000881,0.881
2021-06-15 15:52:00,78000156,0.767
2021-06-15 15:49:00,78000827,0.78
2021-06-15 15:38:00,78000651,1.0
2021-06-15 15:35:00,78000571,0.99
2021-06-15 15:35:00,78000233,0.8
2021-06-15 15:02:00,78000678,1.75
2021-06-15 14:58:00,78000637,1.95
2021-06-15 14:50:00,78000546,1.5
2021-06-15 14:46:00,78000736,0.91
2021-06-15 11:51:00,78000676,1.5
2021-06-15 11:42:00,78000588,2.22
2021-06-15 11:41:00,78000819,1.05
2021-06-15 11:35:00,78000640,1.2366
2021-06-15 11:32:00,78000776,1.25
2021-06-15 11:31:00,78000777,2.4
2021-06-15 01:44:00,78000849,4.0
2021-06-14 23:30:00,78000172,0.9
2021-06-14 23:00:00,78000085,1.0
2021-06-14 22:53:00,78000707,1.15
2021-06-14 22:52:00,78000244,1.4
2021-06-14 22:52:00,78000972,1.28
2021-06-14 22:34:00,78000914,0.85
2021-06-14 22:09:00,78000947,0.78
2021-06-14 22:06:00,78000619,0.7562
2021-06-14 22:05:00,78000925,0.7
2021-06-14 20:43:00,78000991,0.67
2021-06-14 20:38:00,78000665,5.75
2021-06-14 16:38:00,78000980,1.0
2021-06-14 14:56:00,78000084,0.85
2021-06-14 14:33:00,78000471,0.55
2021-06-14 13:18:00,78000489,0.6
2021-06-14 13:00:00,78000159,0.08
2021-06-14 06:49:00,78000078,1.0
2021-06-14 02:39:00,78000672,2.0
2021-06-14 02:25:00,78000997,2.0
2021-06-14 00:13:00,78000626,2.423707546421203
2021-06-14 00:09:00,78000623,3.88
2021-06-13 23:38:00,78000359,2.2222
2021-06-13 23:37:00,78000866,2.0
2021-06-13 22:54:00,78000599,1.4
2021-06-13 18:32:00,78000922,0.8
2021-06-13 17:37:00,78000777,1.2
2021-06-13 15:12:00,78000122,1.05
2021-06-13 12:41:00,78000554,1.0
2021-06-13 12:32:00,78000571,0.76
2021-06-13 11:04:00,78000729,1.5
2021-06-13 04:57:00,78000684,1.684
2021-06-13 04:31:00,78000809,1.1
2021-06-13 03:19:00,78000911,0.99
2021-06-13 02:40:00,78000701,1.0
2021-06-13 01:05:00,78000062,1.25
2021-06-12 23:50:00,78000799,1.0
2021-06-12 23:48:00,78000645,1.5
2021-06-12 23:33:00,78000597,3.0
2021-06-12 23:23:00,78000109,1.4
2021-06-12 23:12:00,78000789,0.85
2021-06-12 23:04:00,78000171,1.2
2021-06-12 23:00:00,78000433,1.5
2021-06-12 22:49:00,78000668,0.88
2021-06-12 22:45:00,78000135,5.0
2021-06-12 22:39:00,78000478,1.5
2021-06-12 22:35:00,78000890,0.888
2021-06-12 22:23:00,78000189,0.97
2021-06-12 22:22:00,78000787,0.88
2021-06-12 22:16:00,78000344,3.34
2021-06-12 21:42:00,78000821,1.44
2021-06-12 21:17:00,78000843,0.7
2021-06-12 21:16:00,78000304,1.1
2021-06-12 21:10:00,78000013,0.65
2021-06-12 21:07:00,78000599,1.25
2021-06-12 20:48:00,78000878,0.79
2021-06-12 20:01:00,78000159,0.7
2021-06-12 19:59:00,78000728,1.25
2021-06-12 19:47:00,78000685,1.3
2021-06-12 19:36:00,78000523,1.0
2021-06-12 19:34:00,78000485,1.2
2021-06-12 19:22:00,78000832,1.6
2021-06-12 19:22:00,78000992,1.2
2021-06-12 19:17:00,78000437,0.815
2021-06-12 19:16:00,78000807,0.75
2021-06-12 19:09:00,78000475,2.1
2021-06-12 18:54:00,78000601,0.5
2021-06-12 18:45:00,78000939,0.75
2021-06-12 18:41:00,78000105,2.0
2021-06-12 18:34:00,78000579,0.73
2021-06-12 18:32:00,78000060,0.97
2021-06-12 18:28:00,78000693,1.5
2021-06-12 18:00:00,78000099,3.5
2021-06-12 17:52:00,78000670,0.93
2021-06-12 17:48:00,78000440,5.0
2021-06-12 17:47:00,78000451,1.1
2021-06-12 17:43:00,78000456,2.325028827946332
2021-06-12 17:38:00,78000558,0.75
2021-06-12 17:33:00,78000188,3.0
2021-06-12 17:25:00,78000899,1.0
2021-06-12 17:17:00,78000667,5.0
2021-06-12 17:11:00,78000774,1.7
2021-06-12 17:01:00,78000214,2.15
2021-06-12 16:46:00,78000832,0.96
2021-06-12 16:32:00,78000350,0.75
2021-06-12 16:30:00,78000819,0.75
2021-06-12 16:28:00,78000553,5.5
2021-06-12 16:25:00,78000897,0.78
2021-06-12 16:23:00,78000876,0.875
2021-06-12 16:20:00,78000516,0.8
2021-06-12 16:20:00,78000084,0.69
2021-06-12 16:16:00,78000308,0.75
2021-06-12 16:14:00,78000735,0.67
2021-06-12 16:13:00,78000839,0.8
2021-06-12 16:11:00,78000921,0.749
2021-06-12 16:10:00,78000773,1.98
2021-06-12 16:06:00,78000914,0.6
2021-06-12 16:06:00,78000557,0.55
2021-06-12 16:04:00,78000128,0.54
2021-06-12 16:04:00,78000925,0.55
2021-06-12 16:02:00,78000950,0.5
2021-06-12 16:01:00,78000172,0.49
2021-06-12 15:51:00,78000880,0.735
2021-06-12 15:46:00,78000537,2.25
2021-06-12 15:41:00,78000958,1.0
2021-06-12 15:32:00,78000982,0.65
2021-06-12 15:20:00,78000680,1.357295918367347
2021-06-12 14:56:00,78000292,2.97
2021-06-12 14:46:00,78000297,0.55
2021-06-12 14:44:00,78000642,0.7
2021-06-12 14:44:00,78000990,0.5
2021-06-12 14:41:00,78000124,0.49
2021-06-12 14:38:00,78000358,0.48
2021-06-12 14:04:00,78000106,0.395
2021-06-12 14:00:00,78000540,0.7
2021-06-12 13:56:00,78000922,0.4
2021-06-12 13:56:00,78000619,0.39
2021-06-12 13:56:00,78000183,0.4
2021-06-12 13:55:00,78000085,0.42
2021-06-12 13:54:00,78000317,0.5
2021-06-12 13:54:00,78000120,0.6499
2021-06-12 12:56:00,78000282,0.365
2021-06-12 12:35:00,78000585,0.39
2021-06-12 11:40:00,78000358,0.29
2021-06-12 09:53:00,78000930,0.45
2021-06-12 07:38:00,78000616,0.895
2021-06-12 06:48:00,78000810,0.75
2021-06-12 05:39:00,78000258,1.25
2021-06-12 04:18:00,78000347,0.36
2021-06-12 03:42:00,78000702,0.35
2021-06-12 03:32:00,78000482,0.5
2021-06-12 03:11:00,78000550,0.59
2021-06-12 03:03:00,78000442,0.59
2021-06-12 02:53:00,78000685,0.46
2021-06-12 01:13:00,78000234,0.6689126239933113
2021-06-12 00:28:00,78000518,0.777
2021-06-12 00:26:00,78000151,0.99
2021-06-12 00:16:00,78000673,1.4
2021-06-12 00:08:00,78000539,0.75
2021-06-11 23:56:00,78000837,0.3
2021-06-11 23:52:00,78000307,0.69
2021-06-11 23:47:00,78000728,0.6
2021-06-11 23:17:00,78000312,0.55
2021-06-11 23:14:00,78000928,0.5
2021-06-11 23:00:00,78000139,0.49
2021-06-11 22:44:00,78000473,0.4
2021-06-11 22:33:00,78000220,0.495
2021-06-11 22:21:00,78000723,4.0
2021-06-11 22:17:00,78000157,1.35
2021-06-11 22:03:00,78000951,1.0
2021-06-11 21:58:00,78000911,0.4
2021-06-11 21:53:00,78000657,0.7
2021-06-11 21:44:00,78000361,0.525
2021-06-11 21:44:00,78000593,1.5
2021-06-11 21:42:00,78000904,0.449
2021-06-11 21:41:00,78000376,0.48
2021-06-11 21:41:00,78000472,0.49
2021-06-11 21:41:00,78000224,0.4999
2021-06-11 21:40:00,78000230,0.5
2021-06-11 21:39:00,78000966,0.32
2021-06-11 21:39:00,78000196,0.39
2021-06-11 21:27:00,78000952,0.45
2021-06-11 21:15:00,78000336,0.45
2021-06-11 21:14:00,78000434,1.2
2021-06-11 21:13:00,78000145,0.44
2021-06-11 21:05:00,78000487,0.64
2021-06-11 21:01:00,78000719,0.59
2021-06-11 20:58:00,78000115,0.5
2021-06-11 20:58:00,78000277,0.49
2021-06-11 20:56:00,78000199,0.4499
2021-06-11 20:52:00,78000601,0.3
2021-06-11 20:51:00,78000754,0.49
2021-06-11 20:47:00,78000338,1.25
2021-06-11 20:47:00,78000859,0.35
2021-06-11 20:46:00,78000986,0.35
2021-06-11 20:45:00,78000465,0.295
2021-06-11 20:41:00,78000253,0.333
2021-06-11 20:37:00,78000229,0.7
2021-06-11 20:37:00,78000368,0.65
2021-06-11 20:34:00,78000868,0.39
2021-06-11 20:31:00,78000410,1.49
2021-06-11 20:23:00,78000872,0.5
2021-06-11 20:21:00,78000674,0.5
2021-06-11 20:18:00,78000165,0.3
2021-06-11 20:14:00,78000989,0.32
2021-06-11 20:11:00,78000353,0.6
2021-06-11 20:10:00,78000300,0.55
2021-06-11 20:10:00,78000312,0.35
2021-06-11 20:06:00,78000877,0.5
2021-06-11 20:06:00,78000831,1.0
2021-06-11 20:03:00,78000435,1.0
2021-06-11 19:59:00,78000463,0.4999
2021-06-11 19:56:00,78000244,0.3999
2021-06-11 19:55:00,78000845,0.81
2021-06-11 19:55:00,78000770,0.5
2021-06-11 19:54:00,78000573,0.34
2021-06-11 19:53:00,78000765,0.765
2021-06-11 19:52:00,78000324,0.35
2021-06-11 19:49:00,78000627,0.37
2021-06-11 19:47:00,78000242,0.4
2021-06-11 19:45:00,78000151,0.4
2021-06-11 19:41:00,78000650,0.48
2021-06-11 19:38:00,78000605,0.28
2021-06-11 19:36:00,78000780,0.3
2021-06-11 19:36:00,78000979,0.34
2021-06-11 19:33:00,78000481,0.275
2021-06-11 19:33:00,78000652,0.335
2021-06-11 19:27:00,78000486,0.22
2021-06-11 19:18:00,78000531,3.8
2021-06-11 19:17:00,78000599,0.49
2021-06-11 19:10:00,78000988,0.34
2021-06-11 19:08:00,78000350,0.45
2021-06-11 19:08:00,78000694,0.4
2021-06-11 19:06:00,78000827,0.23
2021-06-11 19:06:00,78000842,0.35
2021-06-11 19:05:00,78000637,0.66
2021-06-11 19:05:00,78000947,0.23
2021-06-11 19:02:00,78000784,0.22
2021-06-11 19:00:00,78000736,0.25
2021-06-11 19:00:00,78000726,0.4
2021-06-11 18:59:00,78000304,0.385
2021-06-11 18:53:00,78000638,0.55
2021-06-11 18:50:00,78000149,0.35
2021-06-11 18:49:00,78000772,1.0
2021-06-11 18:48:00,78000453,1.0
2021-06-11 18:46:00,78000309,0.39
2021-06-11 18:44:00,78000558,0.39
2021-06-11 18:41:00,78000156,0.2
2021-06-11 18:41:00,78000471,0.2
2021-06-11 18:38:00,78000061,2.5
2021-06-11 18:38:00,78000228,0.8
2021-06-11 18:31:00,78000973,0.314
2021-06-11 18:30:00,78000812,0.4
2021-06-11 18:29:00,78000089,0.35
2021-06-11 18:29:00,78000697,0.285
2021-06-11 18:21:00,78000664,0.2
2021-06-11 18:19:00,78000755,0.39
2021-06-11 18:17:00,78000369,0.3456
2021-06-11 18:15:00,78000764,3.0
2021-06-11 18:15:00,78000450,3.5
2021-06-11 18:13:00,78000815,0.5
2021-06-11 18:12:00,78000355,1.0
2021-06-11 18:11:00,78000526,1.5
2021-06-11 18:11:00,78000257,0.7
2021-06-11 18:11:00,78000530,0.75
2021-06-11 18:11:00,78000100,0.69
2021-06-11 18:11:00,78000627,0.21
2021-06-11 18:08:00,78000285,0.3
2021-06-11 18:07:00,78000187,0.2169
2021-06-11 18:05:00,78000631,3.5
2021-06-11 18:05:00,78000438,4.0
2021-06-11 18:04:00,78000163,0.54
2021-06-11 18:04:00,78000056,0.52
2021-06-11 18:04:00,78000948,0.4
2021-06-11 18:04:00,78000633,2.25
2021-06-11 18:04:00,78000770,0.28
2021-06-11 18:00:00,78000006,1.75
2021-06-11 17:59:00,78000145,0.35
2021-06-11 17:59:00,78000673,0.49
2021-06-11 17:54:00,78000581,0.75
2021-06-11 17:54:00,78000823,0.22
2021-06-11 17:54:00,78000306,0.35
2021-06-11 17:53:00,78000516,0.5
2021-06-11 17:52:00,78000347,0.26
2021-06-11 17:51:00,78000738,1.3
2021-06-11 17:51:00,78000337,0.4
2021-06-11 17:50:00,78000288,0.45
2021-06-11 17:49:00,78000357,0.37
2021-06-11 17:49:00,78000351,0.39
2021-06-11 17:46:00,78000995,0.6
2021-06-11 17:42:00,78000607,1.45
2021-06-11 17:40:00,78000740,0.35
2021-06-11 17:38:00,78000119,0.42
2021-06-11 17:37:00,78000117,0.35
2021-06-11 17:34:00,78000931,0.4
2021-06-11 17:34:00,78000966,0.22
2021-06-11 17:32:00,78000474,0.4
2021-06-11 17:32:00,78000203,0.99
2021-06-11 17:30:00,78000964,0.29
2021-06-11 17:25:00,78000339,0.33
2021-06-11 17:23:00,78000596,0.25
2021-06-11 17:22:00,78000119,0.33
2021-06-11 17:22:00,78000436,0.4
2021-06-11 17:22:00,78000580,0.33
2021-06-11 17:21:00,78000361,0.35
2021-06-11 17:19:00,78000835,1.99
2021-06-11 17:18:00,78000152,0.22
2021-06-11 17:15:00,78000796,0.25
2021-06-11 17:15:00,78000698,1.73
2021-06-11 17:15:00,78000133,0.45
2021-06-11 17:15:00,78000160,0.4168687982359426
2021-06-11 17:15:00,78000346,0.21
2021-06-11 17:15:00,78000636,0.99
2021-06-11 17:15:00,78000893,1.75
2021-06-11 17:14:00,78000009,2.0
2021-06-11 17:11:00,78000169,1.5
2021-06-11 17:08:00,78000612,3.3
2021-06-11 17:08:00,78000816,0.27
2021-06-11 17:07:00,78000280,1.79
2021-06-11 17:07:00,78000968,0.24
2021-06-11 17:06:00,78000671,0.75
2021-06-11 17:05:00,78000223,0.24
2021-06-11 17:04:00,78000903,1.89
2021-06-11 17:04:00,78000589,0.8
2021-06-11 17:03:00,78000901,0.29
2021-06-11 17:03:00,78000803,1.75
2021-06-11 17:03:00,78000704,1.65
2021-06-11 17:03:00,78000648,0.285
2021-06-11 17:02:00,78000342,0.44
2021-06-11 17:01:00,78000957,0.49
2021-06-11 17:01:00,78000555,0.95
2021-06-11 16:58:00,78000225,0.35
2021-06-11 16:58:00,78000787,0.5
2021-06-11 16:58:00,78000090,1.5
2021-06-11 16:57:00,78000349,0.7
2021-06-11 16:57:00,78000711,0.3040638606676342
2021-06-11 16:57:00,78000206,0.35
2021-06-11 16:56:00,78000202,0.21
2021-06-11 16:55:00,78000623,0.99
2021-06-11 16:55:00,78000122,0.29
2021-06-11 16:55:00,78000713,1.15
2021-06-11 16:55:00,78000890,0.3
2021-06-11 16:55:00,78000832,0.3
2021-06-11 16:54:00,78000026,0.3
2021-06-11 16:53:00,78000718,1.11
2021-06-11 16:52:00,78000292,1.25
2021-06-11 16:52:00,78000355,0.35
2021-06-11 16:52:00,78000620,0.3
2021-06-11 16:50:00,78000693,0.45
2021-06-11 16:49:00,78000241,0.45
2021-06-11 16:49:00,78000852,0.85
2021-06-11 16:49:00,78000861,0.99
2021-06-11 16:48:00,78000628,1.4
2021-06-11 16:48:00,78000311,0.3
2021-06-11 16:48:00,78000215,2.15
2021-06-11 16:48:00,78000549,0.24
2021-06-11 16:47:00,78000319,0.35
2021-06-11 16:46:00,78000459,0.29
2021-06-11 16:45:00,78000216,0.44
2021-06-11 16:44:00,78000597,0.99
2021-06-11 16:44:00,78000188,0.99
2021-06-11 16:43:00,78000984,0.65
2021-06-11 16:43:00,78000905,0.22
2021-06-11 16:41:00,78000478,0.3
2021-06-11 16:41:00,78000976,0.29
2021-06-11 16:39:00,78000632,0.38
2021-06-11 16:38:00,78000974,0.24
2021-06-11 16:38:00,78000595,1.5
2021-06-11 16:37:00,78000606,0.606
2021-06-11 16:37:00,78000535,0.29
2021-06-11 16:36:00,78000433,0.49
2021-06-11 16:36:00,78000696,0.65
2021-06-11 16:35:00,78000965,0.2999
2021-06-11 16:35:00,78000487,0.32
2021-06-11 16:35:00,78000441,0.3
2021-06-11 16:35:00,78000260,0.3
2021-06-11 16:34:00,78000243,0.5
2021-06-11 16:34:00,78000943,0.99
2021-06-11 16:34:00,78000602,0.7
2021-06-11 16:34:00,78000909,0.5
2021-06-11 16:33:00,78000252,0.25
2021-06-11 16:33:00,78000578,0.3
2021-06-11 16:33:00,78000105,0.7
2021-06-11 16:33:00,78000961,0.2799
2021-06-11 16:33:00,78000584,0.5
2021-06-11 16:32:00,78000728,0.5
2021-06-11 16:31:00,78000825,0.44
2021-06-11 16:29:00,78000455,0.34
2021-06-11 16:29:00,78000948,0.2749
2021-06-11 16:27:00,78000372,0.38
2021-06-11 16:27:00,78000528,0.28
2021-06-11 16:27:00,78000788,0.45
2021-06-11 16:27:00,78000367,0.5
2021-06-11 16:27:00,78000030,0.2
2021-06-11 16:26:00,78000783,0.299
2021-06-11 16:25:00,78000998,0.17
2021-06-11 16:25:00,78000995,0.17
2021-06-11 16:25:00,78000993,0.17
2021-06-11 16:25:00,78000994,0.17
2021-06-11 16:25:00,78000997,0.17
2021-06-11 16:25:00,78000996,0.17
2021-06-11 16:25:00,78000298,0.888
2021-06-11 16:25:00,78000991,0.17
2021-06-11 16:25:00,78000622,0.21
2021-06-11 16:25:00,78000992,0.17
2021-06-11 16:25:00,78000990,0.17
2021-06-11 16:25:00,78000989,0.17
2021-06-11 16:24:00,78000987,0.17
2021-06-11 16:24:00,78000988,0.17
2021-06-11 16:24:00,78000985,0.17
2021-06-11 16:24:00,78000986,0.17
2021-06-11 16:24:00,78000984,0.17
2021-06-11 16:24:00,78000768,0.3
2021-06-11 16:24:00,78000983,0.17
2021-06-11 16:24:00,78000982,0.17
2021-06-11 16:24:00,78000370,0.8
2021-06-11 16:24:00,78000981,0.17
2021-06-11 16:24:00,78000980,0.17
2021-06-11 16:23:00,78000840,0.29
2021-06-11 16:23:00,78000976,0.17
2021-06-11 16:23:00,78000977,0.17
2021-06-11 16:23:00,78000721,0.245
2021-06-11 16:23:00,78000979,0.17
2021-06-11 16:23:00,78000978,0.17
2021-06-11 16:23:00,78000975,0.17
2021-06-11 16:23:00,78000974,0.17
2021-06-11 16:23:00,78000973,0.17
2021-06-11 16:22:00,78000971,0.17
2021-06-11 16:22:00,78000968,0.17
2021-06-11 16:22:00,78000969,0.17
2021-06-11 16:22:00,78000970,0.17
2021-06-11 16:22:00,78000972,0.17
2021-06-11 16:22:00,78000967,0.17
2021-06-11 16:22:00,78000966,0.17
2021-06-11 16:22:00,78000965,0.17
2021-06-11 16:22:00,78000964,0.17
2021-06-11 16:21:00,78000790,0.49
2021-06-11 16:21:00,78000328,2.0
2021-06-11 16:21:00,78000852,0.5
2021-06-11 16:21:00,78000313,0.58
2021-06-11 16:21:00,78000963,0.17
2021-06-11 16:21:00,78000962,0.17
2021-06-11 16:21:00,78000762,0.255
2021-06-11 16:21:00,78000437,0.495
2021-06-11 16:21:00,78000960,0.17
2021-06-11 16:21:00,78000961,0.17
2021-06-11 16:20:00,78000959,0.17
2021-06-11 16:20:00,78000958,0.17
2021-06-11 16:20:00,78000957,0.17
2021-06-11 16:20:00,78000954,0.17
2021-06-11 16:20:00,78000955,0.17
2021-06-11 16:20:00,78000956,0.17
2021-06-11 16:20:00,78000953,0.17
2021-06-11 16:20:00,78000952,0.17
2021-06-11 16:20:00,78000844,0.22
2021-06-11 16:19:00,78000786,0.9
2021-06-11 16:19:00,78000951,0.17
2021-06-11 16:19:00,78000950,0.17
2021-06-11 16:19:00,78000948,0.17
2021-06-11 16:19:00,78000949,0.17
2021-06-11 16:19:00,78000947,0.17
2021-06-11 16:19:00,78000945,0.17
2021-06-11 16:19:00,78000797,0.93
2021-06-11 16:19:00,78000946,0.17
2021-06-11 16:19:00,78000944,0.17
2021-06-11 16:19:00,78000943,0.17
2021-06-11 16:19:00,78000942,0.17
2021-06-11 16:18:00,78000940,0.17
2021-06-11 16:18:00,78000941,0.17
2021-06-11 16:18:00,78000573,0.27
2021-06-11 16:18:00,78000939,0.17
2021-06-11 16:18:00,78000938,0.17
2021-06-11 16:18:00,78000758,0.28
2021-06-11 16:18:00,78000937,0.17
2021-06-11 16:18:00,78000935,0.17
2021-06-11 16:18:00,78000933,0.17
2021-06-11 16:18:00,78000934,0.17
2021-06-11 16:18:00,78000932,0.17
2021-06-11 16:18:00,78000936,0.17
2021-06-11 16:18:00,78000931,0.17
2021-06-11 16:18:00,78000929,0.17
2021-06-11 16:18:00,78000930,0.17
2021-06-11 16:18:00,78000928,0.17
2021-06-11 16:18:00,78000925,0.17
2021-06-11 16:18:00,78000926,0.17
2021-06-11 16:18:00,78000927,0.17
2021-06-11 16:17:00,78000923,0.17
2021-06-11 16:17:00,78000924,0.17
2021-06-11 16:17:00,78000922,0.17
2021-06-11 16:17:00,78000793,0.6
2021-06-11 16:17:00,78000921,0.17
2021-06-11 16:17:00,78000919,0.17
2021-06-11 16:17:00,78000917,0.17
2021-06-11 16:17:00,78000918,0.17
2021-06-11 16:17:00,78000920,0.17
2021-06-11 16:17:00,78000916,0.17
2021-06-11 16:17:00,78000915,0.17
2021-06-11 16:16:00,78000914,0.17
2021-06-11 16:16:00,78000911,0.17
2021-06-11 16:16:00,78000908,0.17
2021-06-11 16:16:00,78000906,0.17
2021-06-11 16:16:00,78000910,0.17
2021-06-11 16:16:00,78000913,0.17
2021-06-11 16:16:00,78000909,0.17
2021-06-11 16:16:00,78000907,0.17
2021-06-11 16:16:00,78000912,0.17
2021-06-11 16:16:00,78000905,0.17
2021-06-11 16:16:00,78000901,0.17
2021-06-11 16:16:00,78000902,0.17
2021-06-11 16:16:00,78000903,0.17
2021-06-11 16:16:00,78000900,0.17
2021-06-11 16:16:00,78000904,0.17
2021-06-11 16:16:00,78000248,1.19
2021-06-11 16:16:00,78000899,0.17
2021-06-11 16:16:00,78000898,0.17
2021-06-11 16:16:00,78000896,0.17
2021-06-11 16:16:00,78000897,0.17
2021-06-11 16:16:00,78000895,0.17
2021-06-11 16:15:00,78000892,0.17
2021-06-11 16:15:00,78000893,0.17
2021-06-11 16:15:00,78000894,0.17
2021-06-11 16:15:00,78000890,0.17
2021-06-11 16:15:00,78000891,0.17
2021-06-11 16:15:00,78000888,0.17
2021-06-11 16:15:00,78000889,0.17
2021-06-11 16:15:00,78000833,0.3
2021-06-11 16:15:00,78000887,0.17
2021-06-11 16:15:00,78000886,0.17
2021-06-11 16:15:00,78000885,0.17
2021-06-11 16:15:00,78000883,0.17
2021-06-11 16:15:00,78000880,0.17
2021-06-11 16:15:00,78000881,0.17
2021-06-11 16:15:00,78000884,0.17
2021-06-11 16:15:00,78000882,0.17
2021-06-11 16:14:00,78000879,0.17
2021-06-11 16:14:00,78000878,0.17
2021-06-11 16:14:00,78000875,0.17
2021-06-11 16:14:00,78000877,0.17
2021-06-11 16:14:00,78000876,0.17
2021-06-11 16:14:00,78000871,0.17
2021-06-11 16:14:00,78000873,0.17
2021-06-11 16:14:00,78000872,0.17
2021-06-11 16:14:00,78000870,0.17
2021-06-11 16:14:00,78000874,0.17
2021-06-11 16:14:00,78000868,0.17
2021-06-11 16:14:00,78000869,0.17
2021-06-11 16:14:00,78000867,0.17
2021-06-11 16:13:00,78000866,0.17
2021-06-11 16:13:00,78000865,0.17
2021-06-11 16:13:00,78000864,0.17
2021-06-11 16:13:00,78000863,0.17
2021-06-11 16:13:00,78000862,0.17
2021-06-11 16:13:00,78000586,0.5
2021-06-11 16:13:00,78000861,0.17
2021-06-11 16:13:00,78000860,0.17
2021-06-11 16:13:00,78000859,0.17
2021-06-11 16:13:00,78000857,0.17
2021-06-11 16:13:00,78000858,0.17
2021-06-11 16:13:00,78000856,0.17
2021-06-11 16:13:00,78000855,0.17
2021-06-11 16:13:00,78000700,0.35
2021-06-11 16:13:00,78000854,0.17
2021-06-11 16:12:00,78000851,0.17
2021-06-11 16:12:00,78000142,0.299
2021-06-11 16:12:00,78000850,0.17
2021-06-11 16:12:00,78000853,0.17
2021-06-11 16:12:00,78000852,0.17
2021-06-11 16:12:00,78000848,0.17
2021-06-11 16:12:00,78000849,0.17
2021-06-11 16:12:00,78000847,0.17
2021-06-11 16:12:00,78000844,0.17
2021-06-11 16:12:00,78000846,0.17
2021-06-11 16:12:00,78000841,0.17
2021-06-11 16:12:00,78000845,0.17
2021-06-11 16:12:00,78000842,0.17
2021-06-11 16:12:00,78000843,0.17
2021-06-11 16:12:00,78000838,0.17
2021-06-11 16:12:00,78000839,0.17
2021-06-11 16:12:00,78000840,0.17
2021-06-11 16:12:00,78000836,0.17
2021-06-11 16:12:00,78000835,0.17
2021-06-11 16:12:00,78000837,0.17
2021-06-11 16:12:00,78000834,0.17
2021-06-11 16:12:00,78000833,0.17
2021-06-11 16:12:00,78000829,0.17
2021-06-11 16:12:00,78000832,0.17
2021-06-11 16:12:00,78000830,0.17
2021-06-11 16:12:00,78000831,0.17
2021-06-11 16:12:00,78000140,0.299
2021-06-11 16:12:00,78000828,0.17
2021-06-11 16:12:00,78000827,0.17
2021-06-11 16:11:00,78000826,0.17
2021-06-11 16:11:00,78000825,0.17
2021-06-11 16:11:00,78000823,0.17
2021-06-11 16:11:00,78000822,0.17
2021-06-11 16:11:00,78000821,0.17
2021-06-11 16:11:00,78000824,0.17
2021-06-11 16:10:00,78000816,0.17
2021-06-11 16:10:00,78000817,0.17
2021-06-11 16:10:00,78000815,0.17
2021-06-11 16:10:00,78000818,0.17
2021-06-11 16:10:00,78000460,0.4
2021-06-11 16:10:00,78000819,0.17
2021-06-11 16:10:00,78000820,0.17
2021-06-11 16:10:00,78000812,0.17
2021-06-11 16:10:00,78000809,0.17
2021-06-11 16:10:00,78000813,0.17
2021-06-11 16:10:00,78000810,0.17
2021-06-11 16:10:00,78000814,0.17
2021-06-11 16:10:00,78000446,0.29
2021-06-11 16:10:00,78000811,0.17
2021-06-11 16:10:00,78000806,0.17
2021-06-11 16:10:00,78000808,0.17
2021-06-11 16:10:00,78000807,0.17
2021-06-11 16:09:00,78000805,0.17
2021-06-11 16:09:00,78000803,0.17
2021-06-11 16:09:00,78000804,0.17
2021-06-11 16:09:00,78000797,0.17
2021-06-11 16:09:00,78000800,0.17
2021-06-11 16:09:00,78000798,0.17
2021-06-11 16:09:00,78000802,0.17
2021-06-11 16:09:00,78000799,0.17
2021-06-11 16:09:00,78000796,0.17
2021-06-11 16:09:00,78000801,0.17
2021-06-11 16:09:00,78000795,0.17
2021-06-11 16:09:00,78000793,0.17
2021-06-11 16:09:00,78000794,0.17
2021-06-11 16:08:00,78000790,0.17
2021-06-11 16:08:00,78000791,0.17
2021-06-11 16:08:00,78000789,0.17
2021-06-11 16:08:00,78000792,0.17
2021-06-11 16:08:00,78000787,0.17
2021-06-11 16:08:00,78000788,0.17
2021-06-11 16:08:00,78000786,0.17
2021-06-11 16:08:00,78000780,0.17
2021-06-11 16:08:00,78000784,0.17
2021-06-11 16:08:00,78000782,0.17
2021-06-11 16:08:00,78000779,0.17
2021-06-11 16:08:00,78000778,0.17
2021-06-11 16:08:00,78000781,0.17
2021-06-11 16:08:00,78000785,0.17
2021-06-11 16:08:00,78000783,0.17
2021-06-11 16:08:00,78000773,0.17
2021-06-11 16:08:00,78000772,0.17
2021-06-11 16:08:00,78000769,0.17
2021-06-11 16:08:00,78000770,0.17
2021-06-11 16:08:00,78000774,0.17
2021-06-11 16:08:00,78000777,0.17
2021-06-11 16:08:00,78000776,0.17
2021-06-11 16:08:00,78000775,0.17
2021-06-11 16:08:00,78000768,0.17
2021-06-11 16:08:00,78000771,0.17
2021-06-11 16:08:00,78000763,0.17
2021-06-11 16:08:00,78000765,0.17
2021-06-11 16:08:00,78000766,0.17
2021-06-11 16:08:00,78000764,0.17
2021-06-11 16:08:00,78000767,0.17
2021-06-11 16:07:00,78000761,0.17
2021-06-11 16:07:00,78000759,0.17
2021-06-11 16:07:00,78000762,0.17
2021-06-11 16:07:00,78000760,0.17
2021-06-11 16:07:00,78000743,0.17
2021-06-11 16:07:00,78000756,0.17
2021-06-11 16:07:00,78000754,0.17
2021-06-11 16:07:00,78000745,0.17
2021-06-11 16:07:00,78000747,0.17
2021-06-11 16:07:00,78000755,0.17
2021-06-11 16:07:00,78000744,0.17
2021-06-11 16:07:00,78000746,0.17
2021-06-11 16:07:00,78000748,0.17
2021-06-11 16:07:00,78000751,0.17
2021-06-11 16:07:00,78000752,0.17
2021-06-11 16:07:00,78000758,0.17
2021-06-11 16:07:00,78000750,0.17
2021-06-11 16:07:00,78000757,0.17
2021-06-11 16:07:00,78000742,0.17
2021-06-11 16:07:00,78000749,0.17
2021-06-11 16:07:00,78000753,0.17
2021-06-11 16:07:00,78000737,0.17
2021-06-11 16:07:00,78000739,0.17
2021-06-11 16:07:00,78000738,0.17
2021-06-11 16:07:00,78000740,0.17
2021-06-11 16:07:00,78000741,0.17
2021-06-11 16:07:00,78000736,0.17
2021-06-11 16:07:00,78000730,0.17
2021-06-11 16:07:00,78000732,0.17
2021-06-11 16:07:00,78000731,0.17
2021-06-11 16:07:00,78000727,0.17
2021-06-11 16:07:00,78000729,0.17
2021-06-11 16:07:00,78000735,0.17
2021-06-11 16:07:00,78000734,0.17
2021-06-11 16:07:00,78000728,0.17
2021-06-11 16:07:00,78000733,0.17
2021-06-11 16:06:00,78000720,0.17
2021-06-11 16:06:00,78000715,0.17
2021-06-11 16:06:00,78000716,0.17
2021-06-11 16:06:00,78000725,0.17
2021-06-11 16:06:00,78000722,0.17
2021-06-11 16:06:00,78000719,0.17
2021-06-11 16:06:00,78000723,0.17
2021-06-11 16:06:00,78000726,0.17
2021-06-11 16:06:00,78000717,0.17
2021-06-11 16:06:00,78000718,0.17
2021-06-11 16:06:00,78000721,0.17
2021-06-11 16:06:00,78000724,0.17
2021-06-11 16:06:00,78000707,0.17
2021-06-11 16:06:00,78000706,0.17
2021-06-11 16:06:00,78000710,0.17
2021-06-11 16:06:00,78000713,0.17
2021-06-11 16:06:00,78000708,0.17
2021-06-11 16:06:00,78000714,0.17
2021-06-11 16:06:00,78000110,0.45
2021-06-11 16:06:00,78000712,0.17
2021-06-11 16:06:00,78000711,0.17
2021-06-11 16:06:00,78000709,0.17
2021-06-11 16:06:00,78000701,0.17
2021-06-11 16:06:00,78000703,0.17
2021-06-11 16:06:00,78000705,0.17
2021-06-11 16:06:00,78000702,0.17
2021-06-11 16:06:00,78000704,0.17
2021-06-11 16:06:00,78000694,0.17
2021-06-11 16:06:00,78000700,0.17
2021-06-11 16:06:00,78000698,0.17
2021-06-11 16:06:00,78000693,0.17
2021-06-11 16:06:00,78000697,0.17
2021-06-11 16:06:00,78000696,0.17
2021-06-11 16:06:00,78000695,0.17
2021-06-11 16:06:00,78000692,0.17
2021-06-11 16:06:00,78000699,0.17
2021-06-11 16:06:00,78000686,0.17
2021-06-11 16:06:00,78000689,0.17
2021-06-11 16:06:00,78000683,0.17
2021-06-11 16:06:00,78000688,0.17
2021-06-11 16:06:00,78000690,0.17
2021-06-11 16:06:00,78000682,0.17
2021-06-11 16:06:00,78000687,0.17
2021-06-11 16:06:00,78000685,0.17
2021-06-11 16:06:00,78000691,0.17
2021-06-11 16:06:00,78000684,0.17
2021-06-11 16:05:00,78000680,0.17
2021-06-11 16:05:00,78000681,0.17
2021-06-11 16:05:00,78000677,0.17
2021-06-11 16:05:00,78000674,0.17
2021-06-11 16:05:00,78000675,0.17
2021-06-11 16:05:00,78000678,0.17
2021-06-11 16:05:00,78000673,0.17
2021-06-11 16:05:00,78000679,0.17
2021-06-11 16:05:00,78000676,0.17
2021-06-11 16:05:00,78000666,0.17
2021-06-11 16:05:00,78000667,0.17
2021-06-11 16:05:00,78000668,0.17
2021-06-11 16:05:00,78000672,0.17
2021-06-11 16:05:00,78000664,0.17
2021-06-11 16:05:00,78000670,0.17
2021-06-11 16:05:00,78000671,0.17
2021-06-11 16:05:00,78000663,0.17
2021-06-11 16:05:00,78000669,0.17
2021-06-11 16:05:00,78000665,0.17
2021-06-11 16:05:00,78000660,0.17
2021-06-11 16:05:00,78000659,0.17
2021-06-11 16:05:00,78000658,0.17
2021-06-11 16:05:00,78000662,0.17
2021-06-11 16:05:00,78000661,0.17
2021-06-11 16:05:00,78000654,0.17
2021-06-11 16:05:00,78000656,0.17
2021-06-11 16:05:00,78000653,0.17
2021-06-11 16:05:00,78000657,0.17
2021-06-11 16:05:00,78000651,0.17
2021-06-11 16:05:00,78000655,0.17
2021-06-11 16:05:00,78000652,0.17
2021-06-11 16:05:00,78000641,0.17
2021-06-11 16:05:00,78000648,0.17
2021-06-11 16:05:00,78000647,0.17
2021-06-11 16:05:00,78000650,0.17
2021-06-11 16:05:00,78000644,0.17
2021-06-11 16:05:00,78000643,0.17
2021-06-11 16:05:00,78000640,0.17
2021-06-11 16:05:00,78000646,0.17
2021-06-11 16:05:00,78000645,0.17
2021-06-11 16:05:00,78000649,0.17
2021-06-11 16:05:00,78000642,0.17
2021-06-11 16:05:00,78000639,0.17
2021-06-11 16:05:00,78000634,0.17
2021-06-11 16:05:00,78000625,0.17
2021-06-11 16:05:00,78000631,0.17
2021-06-11 16:05:00,78000635,0.17
2021-06-11 16:05:00,78000628,0.17
2021-06-11 16:05:00,78000637,0.17
2021-06-11 16:05:00,78000638,0.17
2021-06-11 16:05:00,78000627,0.17
2021-06-11 16:05:00,78000623,0.17
2021-06-11 16:05:00,78000632,0.17
2021-06-11 16:05:00,78000636,0.17
2021-06-11 16:05:00,78000633,0.17
2021-06-11 16:05:00,78000626,0.17
2021-06-11 16:05:00,78000629,0.17
2021-06-11 16:05:00,78000630,0.17
2021-06-11 16:05:00,78000624,0.17
2021-06-11 16:04:00,78000618,0.17
2021-06-11 16:04:00,78000617,0.17
2021-06-11 16:04:00,78000616,0.17
2021-06-11 16:04:00,78000608,0.17
2021-06-11 16:04:00,78000614,0.17
2021-06-11 16:04:00,78000621,0.17
2021-06-11 16:04:00,78000612,0.17
2021-06-11 16:04:00,78000611,0.17
2021-06-11 16:04:00,78000615,0.17
2021-06-11 16:04:00,78000613,0.17
2021-06-11 16:04:00,78000610,0.17
2021-06-11 16:04:00,78000622,0.17
2021-06-11 16:04:00,78000609,0.17
2021-06-11 16:04:00,78000620,0.17
2021-06-11 16:04:00,78000619,0.17
2021-06-11 16:04:00,78000595,0.17
2021-06-11 16:04:00,78000604,0.17
2021-06-11 16:04:00,78000607,0.17
2021-06-11 16:04:00,78000603,0.17
2021-06-11 16:04:00,78000598,0.17
2021-06-11 16:04:00,78000599,0.17
2021-06-11 16:04:00,78000601,0.17
2021-06-11 16:04:00,78000602,0.17
2021-06-11 16:04:00,78000605,0.17
2021-06-11 16:04:00,78000597,0.17
2021-06-11 16:04:00,78000596,0.17
2021-06-11 16:04:00,78000600,0.17
2021-06-11 16:04:00,78000606,0.17
2021-06-11 16:04:00,78000581,0.17
2021-06-11 16:04:00,78000582,0.17
2021-06-11 16:04:00,78000584,0.17
2021-06-11 16:04:00,78000593,0.17
2021-06-11 16:04:00,78000580,0.17
2021-06-11 16:04:00,78000594,0.17
2021-06-11 16:04:00,78000592,0.17
2021-06-11 16:04:00,78000587,0.17
2021-06-11 16:04:00,78000589,0.17
2021-06-11 16:04:00,78000585,0.17
2021-06-11 16:04:00,78000586,0.17
2021-06-11 16:04:00,78000590,0.17
2021-06-11 16:04:00,78000583,0.17
2021-06-11 16:04:00,78000588,0.17
2021-06-11 16:04:00,78000591,0.17
2021-06-11 16:04:00,78000578,0.17
2021-06-11 16:04:00,78000561,0.17
2021-06-11 16:04:00,78000567,0.17
2021-06-11 16:04:00,78000569,0.17
2021-06-11 16:04:00,78000559,0.17
2021-06-11 16:04:00,78000574,0.17
2021-06-11 16:04:00,78000573,0.17
2021-06-11 16:04:00,78000558,0.17
2021-06-11 16:04:00,78000562,0.17
2021-06-11 16:04:00,78000575,0.17
2021-06-11 16:04:00,78000563,0.17
2021-06-11 16:04:00,78000566,0.17
2021-06-11 16:04:00,78000568,0.17
2021-06-11 16:04:00,78000572,0.17
2021-06-11 16:04:00,78000576,0.17
2021-06-11 16:04:00,78000571,0.17
2021-06-11 16:04:00,78000577,0.17
2021-06-11 16:04:00,78000570,0.17
2021-06-11 16:04:00,78000560,0.17
2021-06-11 16:04:00,78000579,0.17
2021-06-11 16:04:00,78000565,0.17
2021-06-11 16:04:00,78000564,0.17
2021-06-11 16:03:00,78000549,0.17
2021-06-11 16:03:00,78000544,0.17
2021-06-11 16:03:00,78000542,0.17
2021-06-11 16:03:00,78000557,0.17
2021-06-11 16:03:00,78000539,0.17
2021-06-11 16:03:00,78000552,0.17
2021-06-11 16:03:00,78000543,0.17
2021-06-11 16:03:00,78000553,0.17
2021-06-11 16:03:00,78000550,0.17
2021-06-11 16:03:00,78000538,0.17
2021-06-11 16:03:00,78000551,0.17
2021-06-11 16:03:00,78000548,0.17
2021-06-11 16:03:00,78000541,0.17
2021-06-11 16:03:00,78000555,0.17
2021-06-11 16:03:00,78000540,0.17
2021-06-11 16:03:00,78000546,0.17
2021-06-11 16:03:00,78000556,0.17
2021-06-11 16:03:00,78000547,0.17
2021-06-11 16:03:00,78000554,0.17
2021-06-11 16:03:00,78000545,0.17
2021-06-11 16:03:00,78000529,0.17
2021-06-11 16:03:00,78000526,0.17
2021-06-11 16:03:00,78000527,0.17
2021-06-11 16:03:00,78000531,0.17
2021-06-11 16:03:00,78000533,0.17
2021-06-11 16:03:00,78000524,0.17
2021-06-11 16:03:00,78000530,0.17
2021-06-11 16:03:00,78000522,0.17
2021-06-11 16:03:00,78000523,0.17
2021-06-11 16:03:00,78000535,0.17
2021-06-11 16:03:00,78000532,0.17
2021-06-11 16:03:00,78000525,0.17
2021-06-11 16:03:00,78000534,0.17
2021-06-11 16:03:00,78000536,0.17
2021-06-11 16:03:00,78000528,0.17
2021-06-11 16:03:00,78000537,0.17
2021-06-11 16:03:00,78000510,0.17
2021-06-11 16:03:00,78000506,0.17
2021-06-11 16:03:00,78000501,0.17
2021-06-11 16:03:00,78000512,0.17
2021-06-11 16:03:00,78000517,0.17
2021-06-11 16:03:00,78000492,0.17
2021-06-11 16:03:00,78000489,0.17
2021-06-11 16:03:00,78000519,0.17
2021-06-11 16:03:00,78000520,0.17
2021-06-11 16:03:00,78000503,0.17
2021-06-11 16:03:00,78000514,0.17
2021-06-11 16:03:00,78000509,0.17
2021-06-11 16:03:00,78000499,0.17
2021-06-11 16:03:00,78000496,0.17
2021-06-11 16:03:00,78000497,0.17
2021-06-11 16:03:00,78000491,0.17
2021-06-11 16:03:00,78000490,0.17
2021-06-11 16:03:00,78000521,0.17
2021-06-11 16:03:00,78000498,0.17
2021-06-11 16:03:00,78000516,0.17
2021-06-11 16:03:00,78000515,0.17
2021-06-11 16:03:00,78000508,0.17
2021-06-11 16:03:00,78000504,0.17
2021-06-11 16:03:00,78000505,0.17
2021-06-11 16:03:00,78000500,0.17
2021-06-11 16:03:00,78000507,0.17
2021-06-11 16:03:00,78000495,0.17
2021-06-11 16:03:00,78000511,0.17
2021-06-11 16:03:00,78000518,0.17
2021-06-11 16:03:00,78000488,0.17
2021-06-11 16:03:00,78000494,0.17
2021-06-11 16:03:00,78000502,0.17
2021-06-11 16:03:00,78000493,0.17
2021-06-11 16:03:00,78000513,0.17
2021-06-11 16:02:00,78000471,0.17
2021-06-11 16:02:00,78000473,0.17
2021-06-11 16:02:00,78000485,0.17
2021-06-11 16:02:00,78000486,0.17
2021-06-11 16:02:00,78000483,0.17
2021-06-11 16:02:00,78000470,0.17
2021-06-11 16:02:00,78000478,0.17
2021-06-11 16:02:00,78000474,0.17
2021-06-11 16:02:00,78000476,0.17
2021-06-11 16:02:00,78000466,0.17
2021-06-11 16:02:00,78000472,0.17
2021-06-11 16:02:00,78000468,0.17
2021-06-11 16:02:00,78000479,0.17
2021-06-11 16:02:00,78000469,0.17
2021-06-11 16:02:00,78000477,0.17
2021-06-11 16:02:00,78000467,0.17
2021-06-11 16:02:00,78000487,0.17
2021-06-11 16:02:00,78000482,0.17
2021-06-11 16:02:00,78000480,0.17
2021-06-11 16:02:00,78000475,0.17
2021-06-11 16:02:00,78000484,0.17
2021-06-11 16:02:00,78000481,0.17
2021-06-11 16:02:00,78000446,0.17
2021-06-11 16:02:00,78000455,0.17
2021-06-11 16:02:00,78000456,0.17
2021-06-11 16:02:00,78000448,0.17
2021-06-11 16:02:00,78000452,0.17
2021-06-11 16:02:00,78000461,0.17
2021-06-11 16:02:00,78000444,0.17
2021-06-11 16:02:00,78000442,0.17
2021-06-11 16:02:00,78000458,0.17
2021-06-11 16:02:00,78000445,0.17
2021-06-11 16:02:00,78000449,0.17
2021-06-11 16:02:00,78000460,0.17
2021-06-11 16:02:00,78000459,0.17
2021-06-11 16:02:00,78000464,0.17
2021-06-11 16:02:00,78000454,0.17
2021-06-11 16:02:00,78000447,0.17
2021-06-11 16:02:00,78000450,0.17
2021-06-11 16:02:00,78000463,0.17
2021-06-11 16:02:00,78000443,0.17
2021-06-11 16:02:00,78000453,0.17
2021-06-11 16:02:00,78000457,0.17
2021-06-11 16:02:00,78000462,0.17
2021-06-11 16:02:00,78000465,0.17
2021-06-11 16:02:00,78000451,0.17
2021-06-11 16:02:00,78000411,0.17
2021-06-11 16:02:00,78000427,0.17
2021-06-11 16:02:00,78000414,0.17
2021-06-11 16:02:00,78000438,0.17
2021-06-11 16:02:00,78000439,0.17
2021-06-11 16:02:00,78000421,0.17
2021-06-11 16:02:00,78000428,0.17
2021-06-11 16:02:00,78000413,0.17
2021-06-11 16:02:00,78000437,0.17
2021-06-11 16:02:00,78000417,0.17
2021-06-11 16:02:00,78000420,0.17
2021-06-11 16:02:00,78000434,0.17
2021-06-11 16:02:00,78000415,0.17
2021-06-11 16:02:00,78000424,0.17
2021-06-11 16:02:00,78000423,0.17
2021-06-11 16:02:00,78000433,0.17
2021-06-11 16:02:00,78000426,0.17
2021-06-11 16:02:00,78000412,0.17
2021-06-11 16:02:00,78000441,0.17
2021-06-11 16:02:00,78000432,0.17
2021-06-11 16:02:00,78000422,0.17
2021-06-11 16:02:00,78000435,0.17
2021-06-11 16:02:00,78000419,0.17
2021-06-11 16:02:00,78000410,0.17
2021-06-11 16:02:00,78000416,0.17
2021-06-11 16:02:00,78000425,0.17
2021-06-11 16:02:00,78000430,0.17
2021-06-11 16:02:00,78000440,0.17
2021-06-11 16:02:00,78000429,0.17
2021-06-11 16:02:00,78000431,0.17
2021-06-11 16:02:00,78000436,0.17
2021-06-11 16:02:00,78000418,0.17
2021-06-11 16:02:00,78000388,0.17
2021-06-11 16:02:00,78000394,0.17
2021-06-11 16:02:00,78000375,0.17
2021-06-11 16:02:00,78000392,0.17
2021-06-11 16:02:00,78000403,0.17
2021-06-11 16:02:00,78000391,0.17
2021-06-11 16:02:00,78000389,0.17
2021-06-11 16:02:00,78000404,0.17
2021-06-11 16:02:00,78000387,0.17
2021-06-11 16:02:00,78000385,0.17
2021-06-11 16:02:00,78000396,0.17
2021-06-11 16:02:00,78000406,0.17
2021-06-11 16:02:00,78000405,0.17
2021-06-11 16:02:00,78000382,0.17
2021-06-11 16:02:00,78000393,0.17
2021-06-11 16:02:00,78000379,0.17
2021-06-11 16:02:00,78000402,0.17
2021-06-11 16:02:00,78000377,0.17
2021-06-11 16:02:00,78000401,0.17
2021-06-11 16:02:00,78000395,0.17
2021-06-11 16:02:00,78000378,0.17
2021-06-11 16:02:00,78000397,0.17
2021-06-11 16:02:00,78000376,0.17
2021-06-11 16:02:00,78000409,0.17
2021-06-11 16:02:00,78000407,0.17
2021-06-11 16:02:00,78000386,0.17
2021-06-11 16:02:00,78000381,0.17
2021-06-11 16:02:00,78000400,0.17
2021-06-11 16:02:00,78000408,0.17
2021-06-11 16:02:00,78000390,0.17
2021-06-11 16:02:00,78000398,0.17
2021-06-11 16:02:00,78000380,0.17
2021-06-11 16:02:00,78000383,0.17
2021-06-11 16:02:00,78000374,0.17
2021-06-11 16:02:00,78000399,0.17
2021-06-11 16:02:00,78000384,0.17
2021-06-11 16:02:00,78000373,0.17
2021-06-11 16:02:00,78000363,0.17
2021-06-11 16:02:00,78000361,0.17
2021-06-11 16:02:00,78000370,0.17
2021-06-11 16:02:00,78000354,0.17
2021-06-11 16:02:00,78000371,0.17
2021-06-11 16:02:00,78000367,0.17
2021-06-11 16:02:00,78000364,0.17
2021-06-11 16:02:00,78000352,0.17
2021-06-11 16:02:00,78000360,0.17
2021-06-11 16:02:00,78000365,0.17
2021-06-11 16:02:00,78000369,0.17
2021-06-11 16:02:00,78000355,0.17
2021-06-11 16:02:00,78000358,0.17
2021-06-11 16:02:00,78000353,0.17
2021-06-11 16:02:00,78000357,0.17
2021-06-11 16:02:00,78000362,0.17
2021-06-11 16:02:00,78000359,0.17
2021-06-11 16:02:00,78000372,0.17
2021-06-11 16:02:00,78000366,0.17
2021-06-11 16:02:00,78000356,0.17
2021-06-11 16:02:00,78000368,0.17
2021-06-11 16:02:00,78000351,0.17
2021-06-11 16:02:00,78000340,0.17
2021-06-11 16:02:00,78000344,0.17
2021-06-11 16:02:00,78000331,0.17
2021-06-11 16:02:00,78000337,0.17
2021-06-11 16:02:00,78000335,0.17
2021-06-11 16:02:00,78000339,0.17
2021-06-11 16:02:00,78000341,0.17
2021-06-11 16:02:00,78000350,0.17
2021-06-11 16:02:00,78000345,0.17
2021-06-11 16:02:00,78000336,0.17
2021-06-11 16:02:00,78000333,0.17
2021-06-11 16:02:00,78000348,0.17
2021-06-11 16:02:00,78000346,0.17
2021-06-11 16:02:00,78000334,0.17
2021-06-11 16:02:00,78000342,0.17
2021-06-11 16:02:00,78000347,0.17
2021-06-11 16:02:00,78000338,0.17
2021-06-11 16:02:00,78000349,0.17
2021-06-11 16:02:00,78000332,0.17
2021-06-11 16:02:00,78000343,0.17
2021-06-11 16:02:00,78000328,0.17
2021-06-11 16:02:00,78000316,0.17
2021-06-11 16:02:00,78000330,0.17
2021-06-11 16:02:00,78000323,0.17
2021-06-11 16:02:00,78000321,0.17
2021-06-11 16:02:00,78000315,0.17
2021-06-11 16:02:00,78000317,0.17
2021-06-11 16:02:00,78000325,0.17
2021-06-11 16:02:00,78000327,0.17
2021-06-11 16:02:00,78000324,0.17
2021-06-11 16:02:00,78000320,0.17
2021-06-11 16:02:00,78000318,0.17
2021-06-11 16:02:00,78000322,0.17
2021-06-11 16:02:00,78000319,0.17
2021-06-11 16:02:00,78000326,0.17
2021-06-11 16:02:00,78000329,0.17
2021-06-11 16:01:00,78000301,0.17
2021-06-11 16:01:00,78000313,0.17
2021-06-11 16:01:00,78000312,0.17
2021-06-11 16:01:00,78000306,0.17
2021-06-11 16:01:00,78000298,0.17
2021-06-11 16:01:00,78000303,0.17
2021-06-11 16:01:00,78000308,0.17
2021-06-11 16:01:00,78000304,0.17
2021-06-11 16:01:00,78000314,0.17
2021-06-11 16:01:00,78000307,0.17
2021-06-11 16:01:00,78000300,0.17
2021-06-11 16:01:00,78000305,0.17
2021-06-11 16:01:00,78000311,0.17
2021-06-11 16:01:00,78000310,0.17
2021-06-11 16:01:00,78000299,0.17
2021-06-11 16:01:00,78000302,0.17
2021-06-11 16:01:00,78000294,0.17
2021-06-11 16:01:00,78000296,0.17
2021-06-11 16:01:00,78000309,0.17
2021-06-11 16:01:00,78000295,0.17
2021-06-11 16:01:00,78000293,0.17
2021-06-11 16:01:00,78000297,0.17
2021-06-11 16:01:00,78000261,0.17
2021-06-11 16:01:00,78000291,0.17
2021-06-11 16:01:00,78000259,0.17
2021-06-11 16:01:00,78000278,0.17
2021-06-11 16:01:00,78000265,0.17
2021-06-11 16:01:00,78000269,0.17
2021-06-11 16:01:00,78000286,0.17
2021-06-11 16:01:00,78000289,0.17
2021-06-11 16:01:00,78000283,0.17
2021-06-11 16:01:00,78000287,0.17
2021-06-11 16:01:00,78000288,0.17
2021-06-11 16:01:00,78000280,0.17
2021-06-11 16:01:00,78000274,0.17
2021-06-11 16:01:00,78000282,0.17
2021-06-11 16:01:00,78000276,0.17
2021-06-11 16:01:00,78000263,0.17
2021-06-11 16:01:00,78000271,0.17
2021-06-11 16:01:00,78000273,0.17
2021-06-11 16:01:00,78000267,0.17
2021-06-11 16:01:00,78000260,0.17
2021-06-11 16:01:00,78000272,0.17
2021-06-11 16:01:00,78000285,0.17
2021-06-11 16:01:00,78000266,0.17
2021-06-11 16:01:00,78000270,0.17
2021-06-11 16:01:00,78000290,0.17
2021-06-11 16:01:00,78000264,0.17
2021-06-11 16:01:00,78000275,0.17
2021-06-11 16:01:00,78000268,0.17
2021-06-11 16:01:00,78000284,0.17
2021-06-11 16:01:00,78000262,0.17
2021-06-11 16:01:00,78000277,0.17
2021-06-11 16:01:00,78000279,0.17
2021-06-11 16:01:00,78000281,0.17
2021-06-11 16:01:00,78000292,0.17
2021-06-11 16:01:00,78000243,0.17
2021-06-11 16:01:00,78000232,0.17
2021-06-11 16:01:00,78000234,0.17
2021-06-11 16:01:00,78000239,0.17
2021-06-11 16:01:00,78000247,0.17
2021-06-11 16:01:00,78000237,0.17
2021-06-11 16:01:00,78000240,0.17
2021-06-11 16:01:00,78000231,0.17
2021-06-11 16:01:00,78000246,0.17
2021-06-11 16:01:00,78000257,0.17
2021-06-11 16:01:00,78000242,0.17
2021-06-11 16:01:00,78000250,0.17
2021-06-11 16:01:00,78000252,0.17
2021-06-11 16:01:00,78000258,0.17
2021-06-11 16:01:00,78000244,0.17
2021-06-11 16:01:00,78000249,0.17
2021-06-11 16:01:00,78000233,0.17
2021-06-11 16:01:00,78000256,0.17
2021-06-11 16:01:00,78000235,0.17
2021-06-11 16:01:00,78000253,0.17
2021-06-11 16:01:00,78000254,0.17
2021-06-11 16:01:00,78000241,0.17
2021-06-11 16:01:00,78000236,0.17
2021-06-11 16:01:00,78000238,0.17
2021-06-11 16:01:00,78000251,0.17
2021-06-11 16:01:00,78000245,0.17
2021-06-11 16:01:00,78000255,0.17
2021-06-11 16:01:00,78000248,0.17
2021-06-11 16:01:00,78000214,0.17
2021-06-11 16:01:00,78000230,0.17
2021-06-11 16:01:00,78000222,0.17
2021-06-11 16:01:00,78000215,0.17
2021-06-11 16:01:00,78000227,0.17
2021-06-11 16:01:00,78000226,0.17
2021-06-11 16:01:00,78000202,0.17
2021-06-11 16:01:00,78000223,0.17
2021-06-11 16:01:00,78000208,0.17
2021-06-11 16:01:00,78000224,0.17
2021-06-11 16:01:00,78000213,0.17
2021-06-11 16:01:00,78000216,0.17
2021-06-11 16:01:00,78000205,0.17
2021-06-11 16:01:00,78000228,0.17
2021-06-11 16:01:00,78000203,0.17
2021-06-11 16:01:00,78000217,0.17
2021-06-11 16:01:00,78000218,0.17
2021-06-11 16:01:00,78000201,0.17
2021-06-11 16:01:00,78000206,0.17
2021-06-11 16:01:00,78000210,0.17
2021-06-11 16:01:00,78000225,0.17
2021-06-11 16:01:00,78000207,0.17
2021-06-11 16:01:00,78000204,0.17
2021-06-11 16:01:00,78000229,0.17
2021-06-11 16:01:00,78000220,0.17
2021-06-11 16:01:00,78000209,0.17
2021-06-11 16:01:00,78000211,0.17
2021-06-11 16:01:00,78000221,0.17
2021-06-11 16:01:00,78000219,0.17
2021-06-11 16:01:00,78000212,0.17
2021-06-11 16:01:00,78000182,0.17
2021-06-11 16:01:00,78000186,0.17
2021-06-11 16:01:00,78000196,0.17
2021-06-11 16:01:00,78000188,0.17
2021-06-11 16:01:00,78000172,0.17
2021-06-11 16:01:00,78000184,0.17
2021-06-11 16:01:00,78000197,0.17
2021-06-11 16:01:00,78000175,0.17
2021-06-11 16:01:00,78000189,0.17
2021-06-11 16:01:00,78000195,0.17
2021-06-11 16:01:00,78000171,0.17
2021-06-11 16:01:00,78000194,0.17
2021-06-11 16:01:00,78000179,0.17
2021-06-11 16:01:00,78000174,0.17
2021-06-11 16:01:00,78000173,0.17
2021-06-11 16:01:00,78000185,0.17
2021-06-11 16:01:00,78000169,0.17
2021-06-11 16:01:00,78000187,0.17
2021-06-11 16:01:00,78000168,0.17
2021-06-11 16:01:00,78000177,0.17
2021-06-11 16:01:00,78000176,0.17
2021-06-11 16:01:00,78000192,0.17
2021-06-11 16:01:00,78000170,0.17
2021-06-11 16:01:00,78000180,0.17
2021-06-11 16:01:00,78000200,0.17
2021-06-11 16:01:00,78000191,0.17
2021-06-11 16:01:00,78000181,0.17
2021-06-11 16:01:00,78000199,0.17
2021-06-11 16:01:00,78000190,0.17
2021-06-11 16:01:00,78000178,0.17
2021-06-11 16:01:00,78000193,0.17
2021-06-11 16:01:00,78000198,0.17
2021-06-11 16:01:00,78000183,0.17
2021-06-11 16:01:00,78000163,0.17
2021-06-11 16:01:00,78000165,0.17
2021-06-11 16:01:00,78000161,0.17
2021-06-11 16:01:00,78000155,0.17
2021-06-11 16:01:00,78000154,0.17
2021-06-11 16:01:00,78000147,0.17
2021-06-11 16:01:00,78000151,0.17
2021-06-11 16:01:00,78000159,0.17
2021-06-11 16:01:00,78000157,0.17
2021-06-11 16:01:00,78000158,0.17
2021-06-11 16:01:00,78000156,0.17
2021-06-11 16:01:00,78000149,0.17
2021-06-11 16:01:00,78000148,0.17
2021-06-11 16:01:00,78000152,0.17
2021-06-11 16:01:00,78000153,0.17
2021-06-11 16:01:00,78000162,0.17
2021-06-11 16:01:00,78000164,0.17
2021-06-11 16:01:00,78000166,0.17
2021-06-11 16:01:00,78000167,0.17
2021-06-11 16:01:00,78000150,0.17
2021-06-11 16:01:00,78000160,0.17
2021-06-11 16:00:00,78000135,0.17
2021-06-11 16:00:00,78000140,0.17
2021-06-11 16:00:00,78000132,0.17
2021-06-11 16:00:00,78000141,0.17
2021-06-11 16:00:00,78000134,0.17
2021-06-11 16:00:00,78000124,0.17
2021-06-11 16:00:00,78000126,0.17
2021-06-11 16:00:00,78000127,0.17
2021-06-11 16:00:00,78000142,0.17
2021-06-11 16:00:00,78000137,0.17
2021-06-11 16:00:00,78000143,0.17
2021-06-11 16:00:00,78000133,0.17
2021-06-11 16:00:00,78000122,0.17
2021-06-11 16:00:00,78000139,0.17
2021-06-11 16:00:00,78000131,0.17
2021-06-11 16:00:00,78000129,0.17
2021-06-11 16:00:00,78000130,0.17
2021-06-11 16:00:00,78000145,0.17
2021-06-11 16:00:00,78000136,0.17
2021-06-11 16:00:00,78000146,0.17
2021-06-11 16:00:00,78000144,0.17
2021-06-11 16:00:00,78000128,0.17
2021-06-11 16:00:00,78000125,0.17
2021-06-11 16:00:00,78000138,0.17
2021-06-11 16:00:00,78000123,0.17
2021-06-11 16:00:00,78000096,0.17
2021-06-11 16:00:00,78000088,0.17
2021-06-11 16:00:00,78000100,0.17
2021-06-11 16:00:00,78000103,0.17
2021-06-11 16:00:00,78000114,0.17
2021-06-11 16:00:00,78000111,0.17
2021-06-11 16:00:00,78000116,0.17
2021-06-11 16:00:00,78000106,0.17
2021-06-11 16:00:00,78000113,0.17
2021-06-11 16:00:00,78000097,0.17
2021-06-11 16:00:00,78000101,0.17
2021-06-11 16:00:00,78000095,0.17
2021-06-11 16:00:00,78000105,0.17
2021-06-11 16:00:00,78000090,0.17
2021-06-11 16:00:00,78000098,0.17
2021-06-11 16:00:00,78000107,0.17
2021-06-11 16:00:00,78000092,0.17
2021-06-11 16:00:00,78000102,0.17
2021-06-11 16:00:00,78000112,0.17
2021-06-11 16:00:00,78000089,0.17
2021-06-11 16:00:00,78000108,0.17
2021-06-11 16:00:00,78000094,0.17
2021-06-11 16:00:00,78000118,0.17
2021-06-11 16:00:00,78000104,0.17
2021-06-11 16:00:00,78000110,0.17
2021-06-11 16:00:00,78000121,0.17
2021-06-11 16:00:00,78000099,0.17
2021-06-11 16:00:00,78000093,0.17
2021-06-11 16:00:00,78000109,0.17
2021-06-11 16:00:00,78000115,0.17
2021-06-11 16:00:00,78000120,0.17
2021-06-11 16:00:00,78000119,0.17
2021-06-11 16:00:00,78000117,0.17
2021-06-11 16:00:00,78000091,0.17
2021-06-11 16:00:00,78000059,0.17
2021-06-11 16:00:00,78000063,0.17
2021-06-11 16:00:00,78000062,0.17
2021-06-11 16:00:00,78000085,0.17
2021-06-11 16:00:00,78000077,0.17
2021-06-11 16:00:00,78000072,0.17
2021-06-11 16:00:00,78000064,0.17
2021-06-11 16:00:00,78000057,0.17
2021-06-11 16:00:00,78000066,0.17
2021-06-11 16:00:00,78000087,0.17
2021-06-11 16:00:00,78000070,0.17
2021-06-11 16:00:00,78000081,0.17
2021-06-11 16:00:00,78000060,0.17
2021-06-11 16:00:00,78000073,0.17
2021-06-11 16:00:00,78000084,0.17
2021-06-11 16:00:00,78000055,0.17
2021-06-11 16:00:00,78000080,0.17
2021-06-11 16:00:00,78000056,0.17
2021-06-11 16:00:00,78000061,0.17
2021-06-11 16:00:00,78000076,0.17
2021-06-11 16:00:00,78000082,0.17
2021-06-11 16:00:00,78000078,0.17
2021-06-11 16:00:00,78000079,0.17
2021-06-11 16:00:00,78000065,0.17
2021-06-11 16:00:00,78000054,0.17
2021-06-11 16:00:00,78000071,0.17
2021-06-11 16:00:00,78000086,0.17
2021-06-11 16:00:00,78000083,0.17
2021-06-11 16:00:00,78000075,0.17
2021-06-11 16:00:00,78000058,0.17
2021-06-11 16:00:00,78000074,0.17
2021-06-11 16:00:00,78000068,0.17
2021-06-11 16:00:00,78000069,0.17
2021-06-11 16:00:00,78000067,0.17
2021-06-11 16:00:00,78000030,0.17
2021-06-11 16:00:00,78000032,0.17
2021-06-11 16:00:00,78000051,0.17
2021-06-11 16:00:00,78000043,0.17
2021-06-11 16:00:00,78000040,0.17
2021-06-11 16:00:00,78000021,0.17
2021-06-11 16:00:00,78000025,0.17
2021-06-11 16:00:00,78000023,0.17
2021-06-11 16:00:00,78000047,0.17
2021-06-11 16:00:00,78000037,0.17
2021-06-11 16:00:00,78000041,0.17
2021-06-11 16:00:00,78000029,0.17
2021-06-11 16:00:00,78000035,0.17
2021-06-11 16:00:00,78000027,0.17
2021-06-11 16:00:00,78000034,0.17
2021-06-11 16:00:00,78000033,0.17
2021-06-11 16:00:00,78000036,0.17
2021-06-11 16:00:00,78000050,0.17
2021-06-11 16:00:00,78000048,0.17
2021-06-11 16:00:00,78000038,0.17
2021-06-11 16:00:00,78000022,0.17
2021-06-11 16:00:00,78000046,0.17
2021-06-11 16:00:00,78000031,0.17
2021-06-11 16:00:00,78000045,0.17
2021-06-11 16:00:00,78000052,0.17
2021-06-11 16:00:00,78000053,0.17
2021-06-11 16:00:00,78000039,0.17
2021-06-11 16:00:00,78000044,0.17
2021-06-11 16:00:00,78000049,0.17
2021-06-11 16:00:00,78000042,0.17
2021-06-11 16:00:00,78000026,0.17
2021-06-11 16:00:00,78000024,0.17
2021-06-11 16:00:00,78000028,0.17
2021-06-11 16:00:00,78000020,0.17
2021-06-11 16:00:00,78000010,0.17
2021-06-11 16:00:00,78000017,0.17
2021-06-11 16:00:00,78000007,0.17
2021-06-11 16:00:00,78000012,0.17
2021-06-11 16:00:00,78000013,0.17
2021-06-11 16:00:00,78000016,0.17
2021-06-11 16:00:00,78000008,0.17
2021-06-11 16:00:00,78000019,0.17
2021-06-11 16:00:00,78000014,0.17
2021-06-11 16:00:00,78000011,0.17
2021-06-11 16:00:00,78000015,0.17
2021-06-11 16:00:00,78000006,0.17
2021-06-11 16:00:00,78000018,0.17
2021-06-11 16:00:00,78000009,0.17
2021-06-11 15:59:00,78000001,0.17
2021-06-11 15:59:00,78000002,0.17
2021-06-11 15:59:00,78000005,0.17
2021-06-11 15:59:00,78000003,0.17
2021-06-11 15:59:00,78000004,0.17
